"","PROBEID","logFC","AveExpr","t","P.Value","adj.P.Val","B","SYMBOL","GENENAME"
"1","ILMN_1651499",1.03074693904142,6.82533557747475,8.42667790229343,1.08055827245e-12,4.21721354199825e-11,18.5061374451994,"MTMR12","myotubularin related protein 12"
"2","ILMN_1651499",1.03074693904142,6.82533557747475,8.42667790229343,1.08055827245e-12,4.21721354199825e-11,18.5061374451994,"RN7SL2","RNA component of signal recognition particle 7SL2"
"3","ILMN_1651499",1.03074693904142,6.82533557747475,8.42667790229343,1.08055827245e-12,4.21721354199825e-11,18.5061374451994,"BSN-DT","BSN divergent transcript"
"4","ILMN_1652533",1.19699958294996,7.20588781809367,11.0835628424689,6.60087207516757e-18,1.11727449060112e-15,30.3357748481817,"POM121L8P","POM121 transmembrane nucleoporin like 8, pseudogene"
"5","ILMN_1653871",-2.29915865983977,7.30400703857413,-15.6259389309015,3.6259688013537e-26,1.55666136977388e-22,49.0162086626484,"NAMPT","nicotinamide phosphoribosyltransferase"
"6","ILMN_1654875",-1.19508459892027,5.10086629593751,-14.9875934553813,4.50948093530271e-25,9.67980580403342e-22,46.5497632910682,"CLC","Charcot-Leyden crystal galectin"
"7","ILMN_1655702",-1.22729731828351,6.28784689007061,-13.7947821075697,5.75276067044836e-23,5.65975770627611e-20,41.795865217386,"ABHD5","abhydrolase domain containing 5, lysophosphatidic acid acyltransferase"
"8","ILMN_1656420",1.03569386192043,7.10064408926561,6.92647492314797,9.34546030117508e-10,1.81244360272153e-08,11.8588269724606,"CLUHP3","clustered mitochondria homolog pseudogene 3"
"9","ILMN_1656656",1.01164683648904,8.83067812750185,12.837155268021,3.2050624189602e-21,1.62748244809652e-18,37.8462486332554,"COX19","cytochrome c oxidase assembly factor COX19"
"10","ILMN_1657701",1.06496312653776,9.11681944558473,7.3644748760333,1.32320160735551e-10,3.08120674091501e-09,13.7775108973323,"RBM14","RNA binding motif protein 14"
"11","ILMN_1657892",-1.32350815475129,8.14636946190244,-7.11732286810839,3.99867884268128e-10,8.39260487407914e-09,12.691684412447,"TLR8","toll like receptor 8"
"12","ILMN_1659753",-1.20307576249033,6.72948912349573,-11.6078257146379,6.52331025967684e-19,1.5797784805281e-16,32.6153644448943,"LAMP2","lysosomal associated membrane protein 2"
"13","ILMN_1660723",1.04248612937537,6.53596050937869,12.5058941396137,1.32065449414818e-20,5.7217053056563e-18,36.4537117903772,"RDH13","retinol dehydrogenase 13"
"14","ILMN_1662524",-1.64296775426927,5.78905344797093,-10.8071213118219,2.25910118371364e-17,3.25255470425893e-15,29.1235672620237,"CXCR1","C-X-C motif chemokine receptor 1"
"15","ILMN_1665095",1.02933149037687,7.37185225420006,11.3419306854502,2.10303179030783e-18,4.18477815456474e-16,31.4625169924208,"NSMF","NMDA receptor synaptonuclear signaling and neuronal migration factor"
"16","ILMN_1665235",-1.09871329382755,7.71873858987846,-14.2651525897714,8.32149831826744e-24,1.15580716641724e-20,43.6928824251569,"CRTAP","cartilage associated protein"
"17","ILMN_1666733",-1.6072950984553,5.6948668946086,-10.4497417575224,1.11860331396119e-16,1.26678472178665e-14,27.5471896136902,"CXCL8","C-X-C motif chemokine ligand 8"
"18","ILMN_1666932",-1.25003398948597,9.04489836978102,-11.4133934245333,1.53434011226761e-18,3.24845763021586e-16,31.7730470547094,"FCGR2A","Fc gamma receptor IIa"
"19","ILMN_1669062",-1.21834266017674,6.11859034714924,-8.45366789752227,9.55663689352916e-13,3.79564861783028e-11,18.6270705029521,NA,NA
"20","ILMN_1670539",1.04054610863791,6.51675383718839,8.2141225660984,2.8409316367899e-12,9.94515608715837e-11,17.554564811704,NA,NA
"21","ILMN_1670570",-1.09360431019899,6.38211858572976,-7.76242610451542,2.2025122243914e-11,6.15452291625205e-10,15.5397057608504,"MXI1","MAX interactor 1, dimerization protein"
"22","ILMN_1670899",-1.07563755476657,6.20694497272617,-7.8967881710478,1.19904298786299e-11,3.56491088479457e-10,16.1377257796145,"FBN2","fibrillin 2"
"23","ILMN_1671039",1.07531986221268,7.54403037061395,9.24969107781555,2.5489487919464e-14,1.53144475510021e-12,22.1970015739469,NA,NA
"24","ILMN_1671260",-1.31100155078048,5.15151348115991,-15.2895427677097,1.35987665169888e-25,3.77757735293105e-22,47.7232303329095,"WLS","Wnt ligand secretion mediator"
"25","ILMN_1671693",-1.03975293560189,8.56089208370901,-6.78478082482393,1.74948226410726e-09,3.22221335570208e-08,11.2440915637044,"TPGS2","tubulin polyglutamylase complex subunit 2"
"26","ILMN_1671992",1.02665309772315,6.97491099885234,6.32235319903355,1.32312500988576e-08,2.06147329154884e-07,9.26325262228469,NA,NA
"27","ILMN_1672124",-1.42854910469464,6.20827487368308,-11.2399019621006,3.3013850477346e-18,6.13797667300074e-16,31.0183159952777,"GASK1B","golgi associated kinase 1B"
"28","ILMN_1673282",-1.16311966439973,7.94057587484228,-17.0128073085893,1.81374778459836e-28,2.14131063449683e-24,54.1872527040221,"LAMP2","lysosomal associated membrane protein 2"
"29","ILMN_1674574",-1.00435619231189,5.13875319969031,-11.1511808938522,4.89034887970367e-18,8.71478624509909e-16,30.63125592883,"VNN1","vanin 1"
"30","ILMN_1676016",1.19601426932857,5.65661586149967,8.28978542961643,2.0141249446699e-12,7.27735550016e-11,17.8931084340803,NA,NA
"31","ILMN_1677511",-1.52728557885887,5.58355900171891,-9.65231118231269,4.09323990232368e-15,3.03929498659329e-13,23.9993535923945,"PTGS2","prostaglandin-endoperoxide synthase 2"
"32","ILMN_1677691",1.07086823004675,10.1502762939165,8.16825113129937,3.49927857901851e-12,1.19141983861262e-10,17.3494359924734,"CPM","carboxypeptidase M"
"33","ILMN_1677691",1.07086823004675,10.1502762939165,8.16825113129937,3.49927857901851e-12,1.19141983861262e-10,17.3494359924734,"CPT2","carnitine palmitoyltransferase 2"
"34","ILMN_1677691",1.07086823004675,10.1502762939165,8.16825113129937,3.49927857901851e-12,1.19141983861262e-10,17.3494359924734,"GP2","glycoprotein 2"
"35","ILMN_1677691",1.07086823004675,10.1502762939165,8.16825113129937,3.49927857901851e-12,1.19141983861262e-10,17.3494359924734,"MR1","major histocompatibility complex, class I-related"
"36","ILMN_1677691",1.07086823004675,10.1502762939165,8.16825113129937,3.49927857901851e-12,1.19141983861262e-10,17.3494359924734,"CHST6","carbohydrate sulfotransferase 6"
"37","ILMN_1677691",1.07086823004675,10.1502762939165,8.16825113129937,3.49927857901851e-12,1.19141983861262e-10,17.3494359924734,"VHL","von Hippel-Lindau tumor suppressor"
"38","ILMN_1677691",1.07086823004675,10.1502762939165,8.16825113129937,3.49927857901851e-12,1.19141983861262e-10,17.3494359924734,"CHST5","carbohydrate sulfotransferase 5"
"39","ILMN_1677691",1.07086823004675,10.1502762939165,8.16825113129937,3.49927857901851e-12,1.19141983861262e-10,17.3494359924734,"LAX1","lymphocyte transmembrane adaptor 1"
"40","ILMN_1677691",1.07086823004675,10.1502762939165,8.16825113129937,3.49927857901851e-12,1.19141983861262e-10,17.3494359924734,"TMEM19","transmembrane protein 19"
"41","ILMN_1677691",1.07086823004675,10.1502762939165,8.16825113129937,3.49927857901851e-12,1.19141983861262e-10,17.3494359924734,"FAM161A","FAM161 centrosomal protein A"
"42","ILMN_1677691",1.07086823004675,10.1502762939165,8.16825113129937,3.49927857901851e-12,1.19141983861262e-10,17.3494359924734,"TPRG1L","tumor protein p63 regulated 1 like"
"43","ILMN_1678170",-2.12202234573802,5.93616880531516,-13.6697146454047,9.66385988144157e-23,8.45122442668883e-20,41.2866317691415,"MME","membrane metalloendopeptidase"
"44","ILMN_1678757",1.04111404626435,9.5293541167467,9.01049275876208,7.57075721995538e-14,3.99465294921981e-12,21.124395025908,"BCYRN1","brain cytoplasmic RNA 1"
"45","ILMN_1678833",-1.06207394820684,7.0209956925504,-5.93043513906569,7.10821638567322e-08,9.67651803393002e-07,7.62124073853735,"CCR1","C-C motif chemokine receptor 1"
"46","ILMN_1678939",-1.1610341212214,9.65058829951017,-10.6470945196621,4.61849518140845e-17,5.94288328193004e-15,28.4189218035273,"VNN2","vanin 2"
"47","ILMN_1679357",-1.78745514754705,6.22830007583236,-7.37784134209115,1.24614881605298e-10,2.93653351742944e-09,13.8364427885177,"DEFA1","defensin alpha 1"
"48","ILMN_1679357",-1.78745514754705,6.22830007583236,-7.37784134209115,1.24614881605298e-10,2.93653351742944e-09,13.8364427885177,"DEFA3","defensin alpha 3"
"49","ILMN_1679357",-1.78745514754705,6.22830007583236,-7.37784134209115,1.24614881605298e-10,2.93653351742944e-09,13.8364427885177,"DEFA1B","defensin alpha 1B"
"50","ILMN_1679620",-1.04503922340306,6.3371324495956,-9.91070564935511,1.26995299299181e-15,1.08645398806241e-13,25.152811051364,"NAIP","NLR family apoptosis inhibitory protein"
"51","ILMN_1680397",-2.03081492122285,6.54565189999267,-13.9851321461608,2.62198466967751e-23,2.94810962002026e-20,42.56702629705,"CXCR2","C-X-C motif chemokine receptor 2"
"52","ILMN_1680624",-1.1508307511855,9.12681580808281,-10.6612076894117,4.33586616931259e-17,5.6719375063606e-15,28.481148210769,"CREG1","cellular repressor of E1A stimulated genes 1"
"53","ILMN_1682928",-1.09773076468375,9.75688150644102,-8.02081217114836,6.83385093367117e-12,2.17467504374452e-10,16.6908066953807,"CPVL","carboxypeptidase vitellogenic like"
"54","ILMN_1683786",1.07798168874591,6.48018034933653,10.4010401577845,1.39209722621461e-16,1.52176850487867e-14,27.3316304248551,NA,NA
"55","ILMN_1684585",-1.56875789895066,7.97033849014892,-12.664895643003,6.68243534687039e-21,3.18758915980411e-18,37.1237462867461,"ACSL1","acyl-CoA synthetase long chain family member 1"
"56","ILMN_1684982",-1.05637905414892,6.20446419566435,-5.8712500499645,9.13412406192407e-08,1.2143859085031e-06,7.37670113903391,"PDK4","pyruvate dehydrogenase kinase 4"
"57","ILMN_1685057",-1.10745579633133,6.00764230323221,-8.84108925847903,1.63744211642619e-13,7.95540807676033e-12,20.3644332048336,"SLC22A4","solute carrier family 22 member 4"
"58","ILMN_1686981",-1.19727436800446,6.79569889961035,-10.1123617781955,5.1069090207218e-16,4.84461387070469e-14,26.0506390663077,"SULF2","sulfatase 2"
"59","ILMN_1687335",1.28302513661513,8.93221964857715,15.5816852634425,4.31108928968738e-26,1.69655733846831e-22,48.8469796127047,"FLNA","filamin A"
"60","ILMN_1688231",-1.08079868261122,6.75190820546114,-7.39242054751861,1.1671883654239e-10,2.77120680587119e-09,13.9007441915053,"TREM1","triggering receptor expressed on myeloid cells 1"
"61","ILMN_1688490",1.17425041117999,8.93295185772125,8.77177259762316,2.24527508978387e-13,1.04670158775867e-11,20.0534680597114,NA,NA
"62","ILMN_1688580",-1.55713725793112,5.90424240072217,-9.01485895827422,7.42174216768923e-14,3.92040662334403e-12,21.1439803193287,"CAMP","cathelicidin antimicrobial peptide"
"63","ILMN_1689836",-1.4373922712971,8.28057296385083,-9.87588276219853,1.4866349041295e-15,1.24697773912276e-13,24.9975485786976,"C5AR1","complement C5a receptor 1"
"64","ILMN_1690237",1.03166394406457,7.33252997096988,9.14552884343892,4.09432815751333e-14,2.31004244815304e-12,21.7300259433888,"PCDHB19P","protocadherin beta 19 pseudogene"
"65","ILMN_1691846",-1.13390987215603,5.14412389684035,-8.06022188598848,5.7148836636797e-12,1.84470038368838e-10,16.866743713566,"G0S2","G0/G1 switch 2"
"66","ILMN_1693009",-1.02594611261326,10.2689709182724,-6.69326411956149,2.61867060948455e-09,4.66129290849222e-08,10.8488443098941,"FGL2","fibrinogen like 2"
"67","ILMN_1693192",-1.56467833282773,5.88606302534248,-8.87413653212953,1.40864770253904e-13,6.92937282340664e-12,20.5126921493166,"PI3","peptidase inhibitor 3"
"68","ILMN_1693262",-1.01048791173525,5.17250445441799,-7.08947904420807,4.52723476858176e-10,9.3934154091171e-09,12.5698496340557,NA,NA
"69","ILMN_1693338",-1.97115917250435,6.65069253244458,-10.434673160599,1.19690577394065e-16,1.33939995897093e-14,27.4805121120882,"CYP1B1","cytochrome P450 family 1 subfamily B member 1"
"70","ILMN_1694399",1.03937773905381,9.26810296748769,7.61453669672029,4.29506086279673e-11,1.12308944731292e-09,14.8831058018784,NA,NA
"71","ILMN_1694810",-1.1589879337634,5.40204874681602,-10.2333391252772,2.96013640516185e-16,2.99977428320522e-14,26.5881225765269,"PANX2","pannexin 2"
"72","ILMN_1697377",1.23965472790058,7.26458833890393,6.99517442517563,6.88852181719008e-10,1.37085357899277e-08,12.158016800824,"ANKRD36B","ankyrin repeat domain 36B"
"73","ILMN_1701603",-2.35338520011516,6.98565942217946,-10.549943068698,7.13613861881393e-17,8.55322360748399e-15,27.9901552156218,"ALPL","alkaline phosphatase, biomineralization associated"
"74","ILMN_1705047",-1.38524477997398,6.68156520274126,-9.70076809539029,3.28584235327661e-15,2.51085144484036e-13,24.2158911505125,"TLR8","toll like receptor 8"
"75","ILMN_1705458",-1.24908417053256,9.48415758314789,-7.04497611037384,5.51976235064653e-10,1.12452656275639e-08,12.3753444633197,"TRIM58","tripartite motif containing 58"
"76","ILMN_1707286",-1.26108474582323,10.0621810983005,-8.53540709524715,6.58748027037957e-13,2.73603490139318e-11,18.993426316779,"PLBD1","phospholipase B domain containing 1"
"77","ILMN_1707312",-1.08351957720498,7.21528967830892,-9.81614845313544,1.94817042855243e-15,1.5989980295856e-13,24.7310746095559,"NFIL3","nuclear factor, interleukin 3 regulated"
"78","ILMN_1708934",-1.20872558397635,7.70778640698384,-8.3917267403871,1.26682187411545e-12,4.8284419841185e-11,18.3495633760564,"ADM","adrenomedullin"
"79","ILMN_1709204",-1.11633956952719,7.92755798725548,-12.1586149884264,5.90558663390033e-20,2.03566002335262e-17,34.980048709863,"CLEC4A","C-type lectin domain family 4 member A"
"80","ILMN_1709233",-1.29366140562075,6.42167484695922,-11.9060493816649,1.76977883828004e-19,5.05934352770078e-17,33.899769396382,"F5","coagulation factor V"
"81","ILMN_1709348",-1.81668605810248,6.78385049076274,-11.7623634740297,3.31430749016346e-19,8.59971741293841e-17,33.282103280089,"ALDH1A1","aldehyde dehydrogenase 1 family member A1"
"82","ILMN_1710192",1.70477550448828,6.87083671314654,9.83121141429687,1.81974140262856e-15,1.50763978943388e-13,24.798286661396,NA,NA
"83","ILMN_1711899",-1.02266249486283,6.95993804039108,-9.5406204235228,6.79464876439137e-15,4.7326031452746e-13,23.4998917094026,"ANXA2","annexin A2"
"84","ILMN_1712305",-1.28587647780026,6.40191247647594,-11.934468553242,1.5636438173887e-19,4.55811824891134e-17,34.0216733847455,"CYBRD1","cytochrome b reductase 1"
"85","ILMN_1712999",-1.53170094737524,5.07655331706109,-15.0299602632998,3.80866276815976e-25,9.46633108229351e-22,46.7151481302553,"MGAM","maltase-glucoamylase"
"86","ILMN_1713156",1.04214966788772,8.89670195851225,10.6635133511579,4.29137192418753e-17,5.62932632632867e-15,28.4913126301604,"MSL3","MSL complex subunit 3"
"87","ILMN_1714592",-1.13318183344881,7.52368284602768,-8.5597016695509,5.8977147269508e-13,2.47309365749781e-11,19.1023429346796,"CDA","cytidine deaminase"
"88","ILMN_1714765",-1.05626781998226,11.4740398252809,-6.66469201934499,2.96927534805775e-09,5.20687185431412e-08,10.725750253071,"STRADB","STE20 related adaptor beta"
"89","ILMN_1714808",1.14356872145387,6.06947138292776,9.4730304893991,9.23551390861373e-15,6.22165347817938e-13,23.1974226385033,"GUSBP19","GUSB pseudogene 19"
"90","ILMN_1715068",-1.93385274461738,8.90102558400085,-10.7484934581356,2.93503046606605e-17,4.08860999202074e-15,28.8656505352755,"AQP9","aquaporin 9"
"91","ILMN_1715963",-1.45644491474726,9.64931279656595,-7.69597947086458,2.97388768190541e-11,8.08513942949343e-10,15.2444696928232,"FBXO7","F-box protein 7"
"92","ILMN_1716797",-1.75465436235496,7.19608098439204,-13.7716985972943,6.32982408777183e-23,5.86116887688112e-20,41.7020284792526,"CD302","CD302 molecule"
"93","ILMN_1716797",-1.75465436235496,7.19608098439204,-13.7716985972943,6.32982408777183e-23,5.86116887688112e-20,41.7020284792526,"LY75-CD302","LY75-CD302 readthrough"
"94","ILMN_1717207",-1.63374230530007,8.69343248658599,-8.96666963306926,9.24267564093719e-14,4.78068033370885e-12,20.9278114115091,"MMP25","matrix metallopeptidase 25"
"95","ILMN_1718961",-1.04059012452782,9.68847385831694,-7.26178492471549,2.09671621411143e-10,4.68379027886462e-09,13.3254432217926,"BNIP3L","BCL2 interacting protein 3 like"
"96","ILMN_1721876",-1.12897511507861,8.93646211322206,-10.5033520012963,8.79413043271085e-17,1.02037841659542e-14,27.7842788437478,"TIMP2","TIMP metallopeptidase inhibitor 2"
"97","ILMN_1722223",1.20421337786622,6.92528880151047,6.93011336732001,9.19584617907748e-10,1.78783301754119e-08,11.8746545192769,NA,NA
"98","ILMN_1722284",1.23891903735882,6.0545729421245,7.77882852616444,2.04506425129004e-11,5.75886190834351e-10,15.6126387460832,NA,NA
"99","ILMN_1722622",-1.36992419161355,8.08566670259501,-8.35245367944418,1.51463625210452e-12,5.6677640546263e-11,18.1736722125766,"CD163","CD163 molecule"
"100","ILMN_1723684",1.45192897715008,7.19979252779432,5.45796360911714,5.12582774494559e-07,5.88386216400852e-06,5.69780834817167,"ACKR1","atypical chemokine receptor 1 (Duffy blood group)"
"101","ILMN_1725661",-1.98685218980944,6.49820321027508,-7.73422129279152,2.50200847438008e-11,6.88548066399328e-10,15.4143427293078,"DEFA1","defensin alpha 1"
"102","ILMN_1725661",-1.98685218980944,6.49820321027508,-7.73422129279152,2.50200847438008e-11,6.88548066399328e-10,15.4143427293078,"DEFA3","defensin alpha 3"
"103","ILMN_1725661",-1.98685218980944,6.49820321027508,-7.73422129279152,2.50200847438008e-11,6.88548066399328e-10,15.4143427293078,"DEFA1B","defensin alpha 1B"
"104","ILMN_1728639",-2.93595699983362,7.08888856522757,-13.1507583840321,8.48768286206223e-22,5.01027919347533e-19,39.1523129996259,"FCGR3B","Fc gamma receptor IIIb"
"105","ILMN_1729915",-1.06521627106763,7.32873643155211,-9.46381154519377,9.63046301719826e-15,6.45090759608752e-13,23.1561555751084,"PILRA","paired immunoglobin like type 2 receptor alpha"
"106","ILMN_1730628",-1.65815241960552,7.67062012335637,-10.4410566491779,1.16308449465772e-16,1.30775005180277e-14,27.5087605831114,"RNASE2","ribonuclease A family member 2"
"107","ILMN_1731714",-1.25290419850971,7.51357431540774,-8.29795647476195,1.94066380511342e-12,7.04968519482125e-11,17.929682019048,"CREB5","cAMP responsive element binding protein 5"
"108","ILMN_1733579",-1.15004034357645,8.29109275067383,-10.3519438561111,1.73582281744193e-16,1.85458137400176e-14,27.1141565432692,"EVI2A","ecotropic viral integration site 2A"
"109","ILMN_1734991",1.33781132268253,7.24688598786811,8.15675274069483,3.68691214535167e-12,1.24453709186624e-10,17.298032149659,"PPM1B","protein phosphatase, Mg2+/Mn2+ dependent 1B"
"110","ILMN_1735367",-1.18006996027959,8.74701983133439,-13.6278181399833,1.15027837296975e-22,9.87649925184059e-20,41.1155933030039,"HSD17B11","hydroxysteroid 17-beta dehydrogenase 11"
"111","ILMN_1736190",-2.43272672469955,6.05434960814323,-15.3696498085648,9.91344661338443e-26,3.12101735246978e-22,48.0325048885854,NA,NA
"112","ILMN_1737314",-1.03509217013709,9.98265320298075,-13.4454200005977,2.46177556753026e-22,1.93758149001748e-19,40.3683561233116,"BCL6","BCL6 transcription repressor"
"113","ILMN_1738251",1.27948783697747,6.33247973820761,6.55836235258377,4.73372399576099e-09,7.98661600485234e-08,10.2689947966654,"DRD3","dopamine receptor D3"
"114","ILMN_1738482",1.01972292644394,9.34287804060318,9.28192190999313,2.20138397828456e-14,1.33450779191925e-12,22.3414538305039,"HAUS2","HAUS augmin like complex subunit 2"
"115","ILMN_1738648",1.30319214128361,6.17653907895361,7.52004030047481,6.57526181412071e-11,1.6463953547722e-09,14.4645743369577,NA,NA
"116","ILMN_1738678",1.040496129409,7.68662867836043,10.6316601026918,4.94880311957602e-17,6.26547663589431e-15,28.3508521418633,"MED15P9","mediator complex subunit 15 pseudogene 9"
"117","ILMN_1738992",-2.07083428214022,8.03709581694492,-12.9609835373308,1.89401059647377e-21,1.02807765986066e-18,38.3633988173321,"MNDA","myeloid cell nuclear differentiation antigen"
"118","ILMN_1740875",-1.65281591415434,5.76402621029973,-10.5130701659828,8.41903719573398e-17,9.79262592441727e-15,27.8272346554368,"FPR2","formyl peptide receptor 2"
"119","ILMN_1741727",-2.13575585877253,6.83560597838498,-15.9894827153284,8.83203954392254e-27,4.63426928246887e-23,50.3965065614594,"QPCT","glutaminyl-peptide cyclotransferase"
"120","ILMN_1743476",1.08863647859495,7.7953098108607,8.15435160866161,3.72734429138594e-12,1.25638905650542e-10,17.2872986067519,"LOC729609","uncharacterized LOC729609"
"121","ILMN_1746919",1.2413212034892,7.29417387020511,12.8170066898228,3.49207000500564e-21,1.75435653102539e-18,37.7619247867272,"SHPK","sedoheptulokinase"
"122","ILMN_1747622",-1.00385516642996,7.97469793483464,-9.27991082373799,2.22161067307935e-14,1.34504285160897e-12,22.3324412106545,"CD33","CD33 molecule"
"123","ILMN_1748090",-1.06879307476401,6.15449692042673,-9.05787526011191,6.10174129873702e-14,3.28936793483513e-12,21.3369275302161,"SLC2A11","solute carrier family 2 member 11"
"124","ILMN_1748915",-1.51265676009478,9.25846824061402,-7.50306052419408,7.09757540457156e-11,1.76037763080613e-09,14.3894605288593,"S100A12","S100 calcium binding protein A12"
"125","ILMN_1753111",-1.64936818560216,5.63155967537444,-12.9092141774809,2.35938025011353e-21,1.25190306664451e-18,38.1474192274117,"NAMPT","nicotinamide phosphoribosyltransferase"
"126","ILMN_1755114",1.01508638555742,9.38619659912453,8.58341098454528,5.29422114726032e-13,2.25238107620019e-11,19.2086465512723,"EIF2AK4","eukaryotic translation initiation factor 2 alpha kinase 4"
"127","ILMN_1755873",-1.05286762836095,5.44809207214428,-11.4521840240982,1.29326225680781e-18,2.8144247380411e-16,31.941396353951,"ADGRE3","adhesion G protein-coupled receptor E3"
"128","ILMN_1757074",-1.20717312441436,7.14204547973535,-12.5294619183214,1.1935968076373e-20,5.36823006132038e-18,36.5532150058642,"GNG10","G protein subunit gamma 10"
"129","ILMN_1757604",1.01908637830002,6.97959636880669,7.4263111140469,1.00235306346179e-10,2.41013854729733e-09,14.0503077684312,"TPM2","tropomyosin 2"
"130","ILMN_1758864",-2.03335388474804,6.04968854670545,-14.6602502999931,1.67584277404173e-24,2.82642854147667e-21,45.2638692821194,"VNN2","vanin 2"
"131","ILMN_1759117",-1.01641024787657,7.65865001758151,-5.12519799016593,1.97978848205623e-06,2.01277785310277e-05,4.38708851801076,"XK","X-linked Kx blood group antigen, Kell and VPS13A binding protein"
"132","ILMN_1761176",1.02205412566901,8.38118585318689,16.8533903321443,3.29377323544928e-28,3.11090294541714e-24,53.6058515865585,"GRIPAP1","GRIP1 associated protein 1"
"133","ILMN_1763452",-1.03979637300617,10.5779746761199,-12.7210190301761,5.25782808483614e-21,2.55974921111651e-18,37.3595339984683,"EVI2B","ecotropic viral integration site 2B"
"134","ILMN_1765941",-1.31641174233544,5.07712201047455,-12.4094523309305,1.99915049606722e-20,8.20938113271984e-18,36.0458579972693,"ADGRG3","adhesion G protein-coupled receptor G3"
"135","ILMN_1767263",1.04855405655066,7.05935297499758,7.92410020436266,1.0594877123957e-11,3.20520485138852e-10,16.2594400318688,NA,NA
"136","ILMN_1769245",-1.12268895125963,8.55023746644725,-10.5007198794169,8.89857881783996e-17,1.02996687768057e-14,27.7726432603361,"GLIPR1","GLI pathogenesis related 1"
"137","ILMN_1769895",-1.06294593530958,8.09487066970364,-5.30458964823929,9.59843094561345e-07,1.03986304880856e-05,5.08877094436028,"CCR2","C-C motif chemokine receptor 2"
"138","ILMN_1771320",1.09333554105755,7.8898472681127,8.64677980732578,3.96721945780838e-13,1.74439452211865e-11,19.4928142555445,"LOC401261","uncharacterized LOC401261"
"139","ILMN_1772131",-1.59540342580959,6.99925594527001,-10.1789546197995,3.78212193126538e-16,3.75224634626211e-14,26.3466126648726,"IL1R2","interleukin 1 receptor type 2"
"140","ILMN_1774761",-1.04549331975012,8.24312596885676,-5.08600500031167,2.31565708562457e-06,2.32594559650282e-05,4.23539513443616,"CCR2","C-C motif chemokine receptor 2"
"141","ILMN_1775257",-2.16239292544547,7.8429890301741,-16.080385313097,6.2206142232799e-27,3.67202857600213e-23,50.7388824943217,"PROK2","prokineticin 2"
"142","ILMN_1784863",-1.14287846193556,8.56501228031101,-7.91439212765464,1.10713231350584e-11,3.33226363116633e-10,16.216171038043,"CD36","CD36 molecule (CD36 blood group)"
"143","ILMN_1785141",-1.1549778579076,7.29411464782737,-7.38818166836829,1.18961808891537e-10,2.81737836664692e-09,13.8820462503016,"MICAL2","microtubule associated monooxygenase, calponin and LIM domain containing 2"
"144","ILMN_1785268",-1.04586358444592,6.83553934780215,-14.3407573819391,6.11449324336665e-24,8.75002511893172e-21,43.9950969030201,"CD58","CD58 molecule"
"145","ILMN_1786303",-1.06271414866422,7.19090249494357,-6.11084735720561,3.29237598804402e-08,4.7810320928472e-07,8.37240389293832,"LILRA3","leukocyte immunoglobulin like receptor A3"
"146","ILMN_1788213",-1.04074102838342,9.1235783756894,-9.76200012576634,2.48962781248476e-15,1.97929602385152e-13,24.4893725233136,"FRAT2","FRAT regulator of Wnt signaling pathway 2"
"147","ILMN_1791375",1.04950739169954,9.26286371752271,9.31405077166156,1.90214412387518e-14,1.18975965703154e-12,22.4854255563258,"STAG3L1","STAG3 cohesin complex component like 1 (pseudogene)"
"148","ILMN_1791375",1.04950739169954,9.26286371752271,9.31405077166156,1.90214412387518e-14,1.18975965703154e-12,22.4854255563258,"STAG3L3","STAG3 cohesin complex component like 3 (pseudogene)"
"149","ILMN_1791375",1.04950739169954,9.26286371752271,9.31405077166156,1.90214412387518e-14,1.18975965703154e-12,22.4854255563258,"STAG3L2","STAG3 cohesin complex component like 2 (pseudogene)"
"150","ILMN_1793859",-1.04811174985178,8.68584037645071,-7.88921238476585,1.24090200386893e-11,3.66940239390772e-10,16.1039735399227,"ALDH2","aldehyde dehydrogenase 2 family member"
"151","ILMN_1795697",1.14555583187012,9.21346103765063,8.94540341374127,1.01824860044671e-13,5.20408786877656e-12,20.8324102385475,NA,NA
"152","ILMN_1796094",-1.16061359111962,8.69858942308579,-7.79307076132942,1.91748275557218e-11,5.42547667160819e-10,15.6759831599033,"CD36","CD36 molecule (CD36 blood group)"
"153","ILMN_1796316",-1.59956127399934,6.2052834130303,-7.35835952828233,1.36001740958686e-10,3.16225810686017e-09,13.7505553986405,"MMP9","matrix metallopeptidase 9"
"154","ILMN_1796642",-1.08582680499423,8.98718431768923,-9.47735725213452,9.05578599850493e-15,6.11803201707292e-13,23.2167897277126,"NCF2","neutrophil cytosolic factor 2"
"155","ILMN_1797375",1.10854313276857,6.57281247165901,8.02182260573219,6.80259806409023e-12,2.16765108622535e-10,16.695316497817,NA,NA
"156","ILMN_1797731",-1.2015295328956,9.44512375603266,-7.52620693103672,6.39519845814601e-11,1.60471228473691e-09,14.4918608321087,"MS4A6A","membrane spanning 4-domains A6A"
"157","ILMN_1797895",-1.92683727196002,6.80880114421346,-11.0565923470103,7.44058717727459e-18,1.24160526098804e-15,30.2178022908971,"FFAR2","free fatty acid receptor 2"
"158","ILMN_1798679",1.03484758310327,7.03141349941544,9.80363274994491,2.06176603789592e-15,1.67293538442607e-13,24.6752203845223,"ANO9","anoctamin 9"
"159","ILMN_1798977",-1.33678941195086,5.35715932913278,-11.0501169765164,7.65768473371396e-18,1.25913523825666e-15,30.1894684503763,"ADGRG3","adhesion G protein-coupled receptor G3"
"160","ILMN_1799030",-1.86547191562779,6.38831349338524,-10.8126684275735,2.20387171654147e-17,3.19250423134829e-15,29.1479556268815,"CMTM2","CKLF like MARVEL transmembrane domain containing 2"
"161","ILMN_1799106",-1.06345079503097,6.84674631000218,-6.56212771039118,4.65633964916758e-09,7.86824763294138e-08,10.2851326429666,"MTARC1","mitochondrial amidoxime reducing component 1"
"162","ILMN_1800602",-1.54985449109622,9.25553313632102,-12.0711668537954,8.62908670266356e-20,2.75337831382827e-17,34.6068099257301,"GCA","grancalcin"
"163","ILMN_1802089",1.06704577404766,7.01313872162041,15.0003024266034,4.28658830468552e-25,9.67980580403342e-22,46.5993997122353,"SYMPK","symplekin scaffold protein"
"164","ILMN_1802257",-1.08920780179952,7.01963176573504,-8.3320772742617,1.66172707441133e-12,6.15960748524337e-11,18.0824326922651,"PCTP","phosphatidylcholine transfer protein"
"165","ILMN_1804935",-1.27474464775259,6.6529330627778,-8.73090472977957,2.70459982077148e-13,1.2388168955976e-11,19.8701400806363,NA,NA
"166","ILMN_1805561",-1.16685785575488,7.85394785202784,-7.10410746621035,4.24142584831836e-10,8.85878347018956e-09,12.6338452008432,"SLC14A1","solute carrier family 14 member 1 (Kidd blood group)"
"167","ILMN_1810420",-1.12057885048615,8.74215305414947,-7.39409792278674,1.15842932276194e-10,2.75456527382225e-09,13.9081437358145,"DYSF","dysferlin"
"168","ILMN_1811221",1.11944298725221,7.9080709912601,8.12412100931118,4.27589381449993e-12,1.41939224767905e-10,17.1521852774403,"YWHAB","tyrosine 3-monooxygenase/tryptophan 5-monooxygenase activation protein beta"
"169","ILMN_1811221",1.11944298725221,7.9080709912601,8.12412100931118,4.27589381449993e-12,1.41939224767905e-10,17.1521852774403,"KIAA1549","KIAA1549"
"170","ILMN_1812105",1.01599506547239,11.3368934312829,10.8794126331465,1.6365650998366e-17,2.43801735882283e-15,29.4412011544367,"WWC1","WW and C2 domain containing 1"
"171","ILMN_1812105",1.01599506547239,11.3368934312829,10.8794126331465,1.6365650998366e-17,2.43801735882283e-15,29.4412011544367,"LINC00574","long intergenic non-protein coding RNA 574"
"172","ILMN_1812105",1.01599506547239,11.3368934312829,10.8794126331465,1.6365650998366e-17,2.43801735882283e-15,29.4412011544367,"WDR82","WD repeat domain 82"
"173","ILMN_1812105",1.01599506547239,11.3368934312829,10.8794126331465,1.6365650998366e-17,2.43801735882283e-15,29.4412011544367,"PNPLA3","patatin like domain 3, 1-acylglycerol-3-phosphate O-acyltransferase"
"174","ILMN_1815054",-1.01065601040205,4.91707091259194,-11.3922161976083,1.68451820062832e-18,3.47816200013372e-16,31.6810765894368,"ADGRG3","adhesion G protein-coupled receptor G3"
"175","ILMN_1815205",-1.45908161029165,12.4032451362079,-7.63493075727954,3.91754078423932e-11,1.03526550640693e-09,14.9735405818813,"LYZ","lysozyme"
"176","ILMN_1815578",1.06352431351405,9.22144890246071,9.17760661829537,3.53823966216092e-14,2.04016886209875e-12,21.8738564789366,"ZNF223","zinc finger protein 223"
"177","ILMN_1822307",1.05319083151748,8.18465486224539,7.28312032737521,1.90565550011016e-10,4.29559309485452e-09,13.4192647470544,NA,NA
"178","ILMN_1864900",1.18365751371833,7.50923190035593,6.74179735386746,2.11473340046748e-09,3.82775661570242e-08,11.0582699230746,"MIAT","myocardial infarction associated transcript"
"179","ILMN_1890614",-1.01791255060491,6.74972375179163,-9.72289775602178,2.97224266896613e-15,2.30100307867634e-13,24.3147481090635,"INKA2","inka box actin regulator 2"
"180","ILMN_1892403",1.36723632858555,6.36431479243743,9.01704623842675,7.34819895792245e-14,3.89026174427051e-12,21.1537916574806,"SNORD13","small nucleolar RNA, C/D box 13"
"181","ILMN_1904238",1.00780206418886,6.86511284093955,7.63315246890331,3.94909964830460e-11,1.04127460520121e-09,14.9656535240507,NA,NA
"182","ILMN_1915783",1.10797030109104,8.78483315748855,8.87767638616582,1.38612086621705e-13,6.84708909897842e-12,20.5285728959565,NA,NA
"183","ILMN_2047885",1.08651039291671,7.69609607867204,7.64364020494156,3.76656764298944e-11,1.00041391246195e-09,15.0121727142058,"PCDHB9","protocadherin beta 9"
"184","ILMN_2050911",-1.47750570786704,6.28788024872928,-11.419043351512,1.49659833917412e-18,3.1979800891022e-16,31.7975766706202,"SLC22A4","solute carrier family 22 member 4"
"185","ILMN_2053538",1.13597303172089,9.13312395568984,8.79345514838545,2.03414910543832e-13,9.56779455729275e-12,20.1507373051645,"RHBDL2","rhomboid like 2"
"186","ILMN_2054297",-1.40115404449908,7.6211739651416,-5.92886456768594,7.15575637766161e-08,9.73281794869504e-07,7.61473911989099,"PTGS2","prostaglandin-endoperoxide synthase 2"
"187","ILMN_2059844",1.13895876622296,7.30802924230009,9.12470198104783,4.50139808333126e-14,2.51269530835976e-12,21.6366336080307,NA,NA
"188","ILMN_2066060",-1.24934190763871,9.66572152016223,-3.37576558169052,0.00113249003155135,0.00604916969234033,-1.67393915415583,"HLA-DRB6","major histocompatibility complex, class II, DR beta 6 (pseudogene)"
"189","ILMN_2082893",1.00750388972659,7.17499294911835,8.20586611892159,2.94954914580394e-12,1.02796685506602e-10,17.5176366350807,NA,NA
"190","ILMN_2083469",-1.16107899789921,7.66734468475691,-10.0075374192214,8.19764931392938e-16,7.23599609721497e-14,25.5842143573267,"IRS2","insulin receptor substrate 2"
"191","ILMN_2087692",-1.0210708932475,6.92426752442895,-9.49684710427497,8.28865830766575e-15,5.65641040348566e-13,23.3040209779847,"CYBRD1","cytochrome b reductase 1"
"192","ILMN_2089175",1.04028311728353,9.85768786997338,10.089473844794,5.66253862591777e-16,5.23730640035137e-14,25.9488515665764,"SYAP1","synapse associated protein 1"
"193","ILMN_2091707",1.07106504417715,7.98869292653564,7.8726305043145,1.33767768466709e-11,3.91628430997158e-10,16.0301101683468,NA,NA
"194","ILMN_2092118",-1.45631104615964,9.72787689920704,-8.21653623048658,2.8099396773063e-12,9.84396078049796e-11,17.5653608324949,"FPR1","formyl peptide receptor 1"
"195","ILMN_2093389",1.17856570766372,8.55214639903481,9.38809719430112,1.35848263316837e-14,8.82434441110635e-13,22.8171342686828,"SNAPC1","small nuclear RNA activating complex polypeptide 1"
"196","ILMN_2096372",-1.39492204230274,7.03408493730342,-8.80259250397094,1.951235331392e-13,9.20530842054502e-12,20.1917286919414,"ALDH1A1","aldehyde dehydrogenase 1 family member A1"
"197","ILMN_2096970",1.10456077039673,8.74684960052164,8.58272579543327,5.3107637429806e-13,2.2573853015168e-11,19.2055742801665,"MYO3B","myosin IIIB"
"198","ILMN_2101650",1.06583354812355,6.76160305128393,8.13307256121715,4.10555983228515e-12,1.37406773578904e-10,17.192188949014,"HRH1","histamine receptor H1"
"199","ILMN_2101650",1.06583354812355,6.76160305128393,8.13307256121715,4.10555983228515e-12,1.37406773578904e-10,17.192188949014,"LIMS1","LIM zinc finger domain containing 1"
"200","ILMN_2101650",1.06583354812355,6.76160305128393,8.13307256121715,4.10555983228515e-12,1.37406773578904e-10,17.192188949014,"PGPEP1","pyroglutamyl-peptidase I"
"201","ILMN_2101651",1.15185779121506,8.91189872232691,9.55904396539037,6.24951895044136e-15,4.40488481963646e-13,23.5823107504141,"UBE2G2","ubiquitin conjugating enzyme E2 G2"
"202","ILMN_2102721",-1.79049489706037,5.87144559543624,-8.19937878466701,3.03779342285357e-12,1.05405405290843e-10,17.4886231433841,"DEFA1","defensin alpha 1"
"203","ILMN_2102721",-1.79049489706037,5.87144559543624,-8.19937878466701,3.03779342285357e-12,1.05405405290843e-10,17.4886231433841,"DEFA1B","defensin alpha 1B"
"204","ILMN_2105253",1.10755862641767,8.711031905817,8.02673512399638,6.65267321062005e-12,2.12274216012379e-10,16.7172430262719,"PTGR2","prostaglandin reductase 2"
"205","ILMN_2106380",1.04481527144144,8.77060886595077,9.1997147402635,3.1996332845541e-14,1.86558198882218e-12,21.97297474845,"TNFSF15","TNF superfamily member 15"
"206","ILMN_2107004",1.0080604071329,10.2775687837395,9.35745749511324,1.56148372509143e-14,9.93793900723956e-13,22.6798939059594,"CMKLR2","chemerin chemokine-like receptor 2"
"207","ILMN_2115490",1.57995221240413,11.4477600055059,14.6826647586587,1.53111302876499e-24,2.67797339519993e-21,45.3523740640448,"NBPF9","NBPF member 9"
"208","ILMN_2147517",-1.1557926902859,7.30685664109797,-14.03412236851,2.14348829648151e-23,2.53060228282607e-20,42.764737348527,"CD58","CD58 molecule"
"209","ILMN_2159694",1.8742732944998,7.19384398888895,4.18386658177941,7.22021382085309e-05,0.000524726650470862,0.927155154379583,"HLA-DRB4","major histocompatibility complex, class II, DR beta 4"
"210","ILMN_2161286",1.19701699347118,8.9627294196323,10.7027900824054,3.60008064426426e-17,4.85743452413529e-15,28.6643982976642,"STRIP2","striatin interacting protein 2"
"211","ILMN_2162972",-1.42139233818142,8.56644419307509,-8.07674712450924,5.30193656637181e-12,1.72555928608093e-10,16.9405426732087,"LYZ","lysozyme"
"212","ILMN_2165289",-2.08020447737791,6.32552590512526,-8.00943664507384,7.19573720958901e-12,2.27908446670444e-10,16.6400391372875,"DEFA1","defensin alpha 1"
"213","ILMN_2165289",-2.08020447737791,6.32552590512526,-8.00943664507384,7.19573720958901e-12,2.27908446670444e-10,16.6400391372875,"DEFA3","defensin alpha 3"
"214","ILMN_2165289",-2.08020447737791,6.32552590512526,-8.00943664507384,7.19573720958901e-12,2.27908446670444e-10,16.6400391372875,"DEFA1B","defensin alpha 1B"
"215","ILMN_2169152",-1.02737765344752,11.9009632483415,-11.6332958681616,5.83348645536122e-19,1.42736043713978e-16,32.725423038086,"SRGN","serglycin"
"216","ILMN_2184373",-3.02507725606456,6.54574597312172,-11.6354778992343,5.77791418982792e-19,1.42112614427309e-16,32.7348486764957,"CXCL8","C-X-C motif chemokine ligand 8"
"217","ILMN_2193213",-1.92277616538782,7.17044342291049,-6.69294749073626,2.6223214019174e-09,4.66427517454416e-08,10.847479403249,"DEFA1","defensin alpha 1"
"218","ILMN_2193213",-1.92277616538782,7.17044342291049,-6.69294749073626,2.6223214019174e-09,4.66427517454416e-08,10.847479403249,"DEFA3","defensin alpha 3"
"219","ILMN_2193213",-1.92277616538782,7.17044342291049,-6.69294749073626,2.6223214019174e-09,4.66427517454416e-08,10.847479403249,"DEFA1B","defensin alpha 1B"
"220","ILMN_2205470",1.06102127346286,7.86904595892414,8.50620586693872,7.52404415733324e-13,3.08969966335569e-11,18.8625285042162,"FAM153B","protein FAM153B"
"221","ILMN_2205470",1.06102127346286,7.86904595892414,8.50620586693872,7.52404415733324e-13,3.08969966335569e-11,18.8625285042162,"FAM153CP","protein FAM153C"
"222","ILMN_2206272",1.23148463470691,9.14249685502633,11.1305607772813,5.35851296081875e-18,9.33765372921419e-16,30.5411931525201,"D2HGDH","D-2-hydroxyglutarate dehydrogenase"
"223","ILMN_2207505",1.11205759274551,9.20392649635006,8.38721283113417,1.29310753482153e-12,4.92068575539178e-11,18.3293446105434,"LEP","leptin"
"224","ILMN_2214678",-1.71616371008859,8.42527596162484,-13.2549594084407,5.47241259457664e-22,3.69184589094696e-19,39.5835872004857,"MXD1","MAX dimerization protein 1"
"225","ILMN_2216265",1.07282093828677,7.79923088345183,14.5641870665199,2.46979234353143e-24,3.97685848240409e-21,44.8838029137452,"LONP2","lon peptidase 2, peroxisomal"
"226","ILMN_2228196",1.10547244059416,8.56277638157127,9.48187727071839,8.87177097614422e-15,6.01091122779676e-13,23.2370212044558,"TBC1D32","TBC1 domain family member 32"
"227","ILMN_2229649",-1.28388970934419,5.5161518809299,-5.90990740693492,7.75491029025626e-08,1.04484417559789e-06,7.5363159386459,"KCTD12","potassium channel tetramerization domain containing 12"
"228","ILMN_2233050",1.12465611364607,8.10875588742079,9.07543764189429,5.63290731929189e-14,3.05405758032423e-12,21.4156970839937,"PLA2G2D","phospholipase A2 group IID"
"229","ILMN_2241953",-1.40494843920466,7.44499600098375,-10.433173862199,1.20499150436508e-16,1.34208770759756e-14,27.4738769365299,"PILRA","paired immunoglobin like type 2 receptor alpha"
"230","ILMN_2243516",1.06840917100879,8.40305917312771,8.00168647995685,7.45317859729999e-12,2.34959216341051e-10,16.6054553990779,"JHY","junctional cadherin complex regulator"
"231","ILMN_2261600",-1.27060615441583,6.24504766350333,-7.05720271722937,5.22732966545008e-10,1.06956419463264e-08,12.4287543992987,"FCGR1A","Fc gamma receptor Ia"
"232","ILMN_2261600",-1.27060615441583,6.24504766350333,-7.05720271722937,5.22732966545008e-10,1.06956419463264e-08,12.4287543992987,"FCGR1BP","Fc gamma receptor Ib, pseudogene"
"233","ILMN_2261600",-1.27060615441583,6.24504766350333,-7.05720271722937,5.22732966545008e-10,1.06956419463264e-08,12.4287543992987,"FCGR1CP","Fc gamma receptor Ic, pseudogene"
"234","ILMN_2270845",1.07647800319298,7.9373655843943,9.32540288132973,1.8064528381592e-14,1.1359244850763e-12,22.5362892400864,"WDR74","WD repeat domain 74"
"235","ILMN_2271875",-1.13921239617384,7.3058980315717,-5.85360410309581,9.84153397499342e-08,1.29856552231095e-06,7.30397952772228,"ALAS2","5'-aminolevulinate synthase 2"
"236","ILMN_2273224",1.02611079603344,8.93716452945386,7.61473576671034,4.29120612329109e-11,1.12308944731292e-09,14.8839883717724,"SLC4A5","solute carrier family 4 member 5"
"237","ILMN_2279367",1.059148096224,10.8038027076251,11.2107057545365,3.75679072646589e-18,6.87638314986919e-16,30.8910236672428,"FCAR","Fc alpha receptor"
"238","ILMN_2283325",-1.17334794949553,6.2988365736674,-10.6568340703458,4.42154394072975e-17,5.75214851396754e-15,28.4618661400288,"WLS","Wnt ligand secretion mediator"
"239","ILMN_2289849",-1.47087980965189,8.24730516894078,-10.6704697853403,4.15988622863098e-17,5.47204644180695e-15,28.5219772728668,"FCGR2A","Fc gamma receptor IIa"
"240","ILMN_2290118",-1.3064870967446,7.03189468002693,-11.0184001584139,8.8165501942317e-18,1.41136530973694e-15,30.0506333869851,"MEGF9","multiple EGF like domains 9"
"241","ILMN_2323172",-1.26377415788814,7.83997524734582,-9.25200582654466,2.52225176846208e-14,1.51733525495354e-12,22.2073765738552,"CSF3R","colony stimulating factor 3 receptor"
"242","ILMN_2330552",1.00622771694717,6.22080493955081,8.49477902691933,7.92576191674669e-13,3.231979740029e-11,18.8113115294383,"CDK11B","cyclin dependent kinase 11B"
"243","ILMN_2330552",1.00622771694717,6.22080493955081,8.49477902691933,7.92576191674669e-13,3.231979740029e-11,18.8113115294383,"CDK11A","cyclin dependent kinase 11A"
"244","ILMN_2348487",-1.34594068714967,6.20398154817104,-10.3751666488769,1.56374382319407e-16,1.69372106207608e-14,27.2170434925596,"ADGRE3","adhesion G protein-coupled receptor E3"
"245","ILMN_2352245",1.01316613049026,7.25421843379561,9.19565428104919,3.25929440537414e-14,1.89688132254606e-12,21.9547709822566,"RASSF6","Ras association domain family member 6"
"246","ILMN_2352921",-1.2093056839108,8.60652253540821,-6.15311639579336,2.74614955580928e-08,4.04126415155929e-07,8.54958885354702,"BPGM","bisphosphoglycerate mutase"
"247","ILMN_2355168",-1.08647853841578,6.55439323922061,-7.84730959839746,1.50016832599887e-11,4.34358976253652e-10,15.917355662546,"MGST1","microsomal glutathione S-transferase 1"
"248","ILMN_2359800",-1.30500806319852,9.72085599700073,-9.39719413690234,1.30346364360901e-14,8.49031270424715e-13,22.8578759931581,"MS4A6A","membrane spanning 4-domains A6A"
"249","ILMN_2360415",-1.00656147302811,8.36100223980319,-12.8446826444088,3.10403597349118e-21,1.5933151610016e-18,37.8777388487579,"PRNP","prion protein (Kanno blood group)"
"250","ILMN_2363586",-1.23994940810208,8.94469912301281,-13.4894559399869,2.04789627612384e-22,1.69666410076618e-19,40.5491478375043,"SDCBP","syndecan binding protein"
"251","ILMN_2363591",-1.26832514744014,7.37217208175041,-13.3303886680737,3.9861503587208e-22,2.98796769111478e-19,39.8949307077908,"SDCBP","syndecan binding protein"
"252","ILMN_2364305",-1.01179250093999,6.48347999358213,-5.68658548677417,1.98578526973452e-07,2.46780851520902e-06,6.62010082538201,"FECH","ferrochelatase"
"253","ILMN_2369018",-1.0769443351164,6.32045187046953,-10.5166681817583,8.28427374291526e-17,9.68357780285718e-15,27.8431366883281,"EVI2A","ecotropic viral integration site 2A"
"254","ILMN_2372974",-1.16458779566373,6.93771321904617,-8.86881189508318,1.44322405115116e-13,7.07000130617867e-12,20.4888043724624,"SIRPA","signal regulatory protein alpha"
"255","ILMN_2374340",-1.10926356241754,7.22148766731378,-8.29689443086627,1.95005863233407e-12,7.07293155555639e-11,17.9249281729758,"PLAUR","plasminogen activator, urokinase receptor"
"256","ILMN_2379599",-1.2680037910142,8.49952402188531,-7.34504224371832,1.4437545905026e-10,3.34624142650316e-09,13.6918695206845,"CD163","CD163 molecule"
"257","ILMN_2383107",1.13282839055553,9.64500359238305,11.2282011998917,3.47682843782735e-18,6.43881357442975e-16,30.9673115189885,"VPS41","VPS41 subunit of HOPS complex"
"258","ILMN_2387680",-1.07692859186848,5.05530392720144,-16.4832146254471,1.33266777593374e-27,1.04889838417825e-23,52.2428334566504,NA,NA
"259","ILMN_2392569",-1.28756820088828,5.4007430118343,-10.4110640606483,1.33079706843924e-16,1.46152466883662e-14,27.3760111050535,"FPR2","formyl peptide receptor 2"
"260","ILMN_2406501",-1.07184960062565,7.42079244925628,-10.5157885438579,8.31701924049893e-17,9.69784979292151e-15,27.8392490694582,"SOD2","superoxide dismutase 2"
"261","ILMN_2410516",-1.04295256791838,7.87940991151204,-6.66178115704604,3.00750677727739e-09,5.26804525408559e-08,10.7132180451262,"PPM1A","protein phosphatase, Mg2+/Mn2+ dependent 1A"
"262","ILMN_2411897",-1.205395079225,5.65035315064599,-12.3519536658088,2.56100678470083e-20,9.99512267774479e-18,35.8021817059995,"KLF10","KLF transcription factor 10"
"263","ILMN_3200362",1.9864603008896,7.7124423761272,14.1780296988341,1.18801017677285e-23,1.51628628616003e-20,43.343694790038,"NBPF14","NBPF member 14"
"264","ILMN_3200362",1.9864603008896,7.7124423761272,14.1780296988341,1.18801017677285e-23,1.51628628616003e-20,43.343694790038,"NBPF1","NBPF member 1"
"265","ILMN_3200362",1.9864603008896,7.7124423761272,14.1780296988341,1.18801017677285e-23,1.51628628616003e-20,43.343694790038,"NBPF15","NBPF member 15"
"266","ILMN_3200362",1.9864603008896,7.7124423761272,14.1780296988341,1.18801017677285e-23,1.51628628616003e-20,43.343694790038,"NBPF9","NBPF member 9"
"267","ILMN_3200362",1.9864603008896,7.7124423761272,14.1780296988341,1.18801017677285e-23,1.51628628616003e-20,43.343694790038,"NBPF10","NBPF member 10"
"268","ILMN_3201643",1.13211774056778,6.7304840749024,9.76567614131526,2.44851036723976e-15,1.94988960510169e-13,24.5057854487883,NA,NA
"269","ILMN_3215461",1.08314945181743,9.93293917139924,9.16184538747683,3.80132594160251e-14,2.16542601044918e-12,21.8031882885995,NA,NA
"270","ILMN_3224926",-1.06537617929942,7.61184673913527,-7.02631113421403,5.99782049750644e-10,1.21302387654923e-08,12.2938508602916,"RBM47","RNA binding motif protein 47"
"271","ILMN_3225673",1.02034645976791,7.1094910705475,10.3386896468993,1.84242505881811e-16,1.95960993192852e-14,27.0554181936289,"NLRP8","NLR family pyrin domain containing 8"
"272","ILMN_3229324",-1.04530232329518,8.18630159777491,-7.34030558036253,1.47475860987121e-10,3.41057789385691e-09,13.6710011205605,"SGK1","serum/glucocorticoid regulated kinase 1"
"273","ILMN_3230608",1.87762927191879,8.9610586590902,14.9933678081159,4.40679631360494e-25,9.67980580403342e-22,46.5723183942643,NA,NA
"274","ILMN_3231550",1.27773357857632,10.5890822990145,11.2197464798099,3.60940268718924e-18,6.65822001952441e-16,30.9304487880608,"MRI1","methylthioribose-1-phosphate isomerase 1"
"275","ILMN_3233239",1.00557318751428,7.68529725161973,7.94766426348771,9.52175486287174e-12,2.91983994574192e-10,16.3644904355729,"FAM238B","family with sequence similarity 238 member B"
"276","ILMN_3235006",1.01999537786192,8.45342423231621,8.18486175618883,3.24492620637886e-12,1.11527216280957e-10,17.423704915453,"CNGB1","cyclic nucleotide gated channel subunit beta 1"
"277","ILMN_3236653",1.33207757801296,7.767145862666,6.71615753584359,2.36763713568797e-09,4.24968818303795e-08,10.9475795945363,"RNU1-4","RNA, U1 small nuclear 4"
"278","ILMN_3236653",1.33207757801296,7.767145862666,6.71615753584359,2.36763713568797e-09,4.24968818303795e-08,10.9475795945363,"RNVU1-18","RNA, variant U1 small nuclear 18"
"279","ILMN_3236653",1.33207757801296,7.767145862666,6.71615753584359,2.36763713568797e-09,4.24968818303795e-08,10.9475795945363,"RNVU1-7","RNA, variant U1 small nuclear 7"
"280","ILMN_3236653",1.33207757801296,7.767145862666,6.71615753584359,2.36763713568797e-09,4.24968818303795e-08,10.9475795945363,"RNU1-27P","RNA, U1 small nuclear 27, pseudogene"
"281","ILMN_3236653",1.33207757801296,7.767145862666,6.71615753584359,2.36763713568797e-09,4.24968818303795e-08,10.9475795945363,"RNU1-28P","RNA, U1 small nuclear 28, pseudogene"
"282","ILMN_3236653",1.33207757801296,7.767145862666,6.71615753584359,2.36763713568797e-09,4.24968818303795e-08,10.9475795945363,"RNU1-3","RNA, U1 small nuclear 3"
"283","ILMN_3236653",1.33207757801296,7.767145862666,6.71615753584359,2.36763713568797e-09,4.24968818303795e-08,10.9475795945363,"RNU1-2","RNA, U1 small nuclear 2"
"284","ILMN_3236653",1.33207757801296,7.767145862666,6.71615753584359,2.36763713568797e-09,4.24968818303795e-08,10.9475795945363,"RNU1-1","RNA, U1 small nuclear 1"
"285","ILMN_3237878",-1.04590419944472,7.33448933522406,-6.23557275568194,1.92549775510569e-08,2.90695991007388e-07,8.89647193165441,"LILRA3","leukocyte immunoglobulin like receptor A3"
"286","ILMN_3239343",1.09983801187084,8.96742322900604,9.51047885880838,7.79112810334364e-15,5.33229323988841e-13,23.3650254811996,NA,NA
"287","ILMN_3239388",1.07242998221346,6.43887795533697,8.40703411975262,1.18159314549257e-12,4.56624833901319e-11,18.4181329448102,NA,NA
"288","ILMN_3239548",1.03201472914957,8.02861949283752,9.58396884643766,5.58108101914031e-15,3.99334803102851e-13,23.693794364751,"STAG3L1","STAG3 cohesin complex component like 1 (pseudogene)"
"289","ILMN_3239548",1.03201472914957,8.02861949283752,9.58396884643766,5.58108101914031e-15,3.99334803102851e-13,23.693794364751,"STAG3L3","STAG3 cohesin complex component like 3 (pseudogene)"
"290","ILMN_3239548",1.03201472914957,8.02861949283752,9.58396884643766,5.58108101914031e-15,3.99334803102851e-13,23.693794364751,"STAG3L2","STAG3 cohesin complex component like 2 (pseudogene)"
"291","ILMN_3239653",1.09754168662904,6.34917808516886,8.48436125628982,8.31065067986807e-13,3.36588480022375e-11,18.7646200117253,"RAX2","retina and anterior neural fold homeobox 2"
"292","ILMN_3240236",1.07816505104535,8.26697651730669,8.3983519256105,1.22920519910243e-12,4.70024180748283e-11,18.3792401102017,"SMCR5","Smith-Magenis syndrome chromosome region, candidate 5"
"293","ILMN_3241957",1.15346022752107,6.42511937212808,10.6106406810575,5.43710946479318e-17,6.77487714205856e-15,28.2581215973183,"D2HGDH","D-2-hydroxyglutarate dehydrogenase"
"294","ILMN_3243069",1.0483737697905,6.95922468905328,9.30597332650802,1.97330729936077e-14,1.2197312029452e-12,22.4492322497395,"CDK11B","cyclin dependent kinase 11B"
"295","ILMN_3243069",1.0483737697905,6.95922468905328,9.30597332650802,1.97330729936077e-14,1.2197312029452e-12,22.4492322497395,"CDK11A","cyclin dependent kinase 11A"
"296","ILMN_3243112",-1.08337894158135,6.07855472163217,-3.82134497868156,0.000259185811579703,0.00165447293404162,-0.28757119043465,"RNF182","ring finger protein 182"
"297","ILMN_3243568",1.03833261595032,6.27236228536807,9.30636566695874,1.96978992855789e-14,1.2197312029452e-12,22.450990279864,"VSTM4","V-set and transmembrane domain containing 4"
"298","ILMN_3243593",1.10145403165617,11.5675424103806,10.7664561204475,2.7087630053936e-17,3.85297060743094e-15,28.9447020190714,"RNA18SN5","RNA, 18S ribosomal N5"
"299","ILMN_3243644",1.05063006279104,8.77655772627531,7.42165065418077,1.02356655953997e-10,2.45614365892864e-09,14.0297331946893,"RNA28SN5","RNA, 28S ribosomal N5"
"300","ILMN_3244646",1.28200481396254,7.28860276827701,6.4045037401777,9.2627861655927e-09,1.4839115113966e-07,9.61200786775418,"RNU1-4","RNA, U1 small nuclear 4"
"301","ILMN_3244646",1.28200481396254,7.28860276827701,6.4045037401777,9.2627861655927e-09,1.4839115113966e-07,9.61200786775418,"RNVU1-18","RNA, variant U1 small nuclear 18"
"302","ILMN_3244646",1.28200481396254,7.28860276827701,6.4045037401777,9.2627861655927e-09,1.4839115113966e-07,9.61200786775418,"RNVU1-7","RNA, variant U1 small nuclear 7"
"303","ILMN_3244646",1.28200481396254,7.28860276827701,6.4045037401777,9.2627861655927e-09,1.4839115113966e-07,9.61200786775418,"RNU1-27P","RNA, U1 small nuclear 27, pseudogene"
"304","ILMN_3244646",1.28200481396254,7.28860276827701,6.4045037401777,9.2627861655927e-09,1.4839115113966e-07,9.61200786775418,"RNU1-28P","RNA, U1 small nuclear 28, pseudogene"
"305","ILMN_3244646",1.28200481396254,7.28860276827701,6.4045037401777,9.2627861655927e-09,1.4839115113966e-07,9.61200786775418,"RNU1-3","RNA, U1 small nuclear 3"
"306","ILMN_3244646",1.28200481396254,7.28860276827701,6.4045037401777,9.2627861655927e-09,1.4839115113966e-07,9.61200786775418,"RNU1-2","RNA, U1 small nuclear 2"
"307","ILMN_3244646",1.28200481396254,7.28860276827701,6.4045037401777,9.2627861655927e-09,1.4839115113966e-07,9.61200786775418,"RNU1-1","RNA, U1 small nuclear 1"
"308","ILMN_3246273",1.23857646927814,7.45419385300773,6.24113890671339,1.87980274696303e-08,2.84525015777507e-07,8.91994573931345,"RNU1-4","RNA, U1 small nuclear 4"
"309","ILMN_3246273",1.23857646927814,7.45419385300773,6.24113890671339,1.87980274696303e-08,2.84525015777507e-07,8.91994573931345,"RNVU1-18","RNA, variant U1 small nuclear 18"
"310","ILMN_3246273",1.23857646927814,7.45419385300773,6.24113890671339,1.87980274696303e-08,2.84525015777507e-07,8.91994573931345,"RNVU1-7","RNA, variant U1 small nuclear 7"
"311","ILMN_3246273",1.23857646927814,7.45419385300773,6.24113890671339,1.87980274696303e-08,2.84525015777507e-07,8.91994573931345,"RNU1-27P","RNA, U1 small nuclear 27, pseudogene"
"312","ILMN_3246273",1.23857646927814,7.45419385300773,6.24113890671339,1.87980274696303e-08,2.84525015777507e-07,8.91994573931345,"RNU1-28P","RNA, U1 small nuclear 28, pseudogene"
"313","ILMN_3246273",1.23857646927814,7.45419385300773,6.24113890671339,1.87980274696303e-08,2.84525015777507e-07,8.91994573931345,"RNU1-3","RNA, U1 small nuclear 3"
"314","ILMN_3246273",1.23857646927814,7.45419385300773,6.24113890671339,1.87980274696303e-08,2.84525015777507e-07,8.91994573931345,"RNU1-2","RNA, U1 small nuclear 2"
"315","ILMN_3246273",1.23857646927814,7.45419385300773,6.24113890671339,1.87980274696303e-08,2.84525015777507e-07,8.91994573931345,"RNU1-1","RNA, U1 small nuclear 1"
"316","ILMN_3247732",1.13471498426556,7.14031105650604,11.813064863534,2.65546824601141e-19,7.12510411645698e-17,33.5003055646671,"ZRSR2","zinc finger CCCH-type, RNA binding motif and serine/arginine rich 2"
"317","ILMN_3248218",1.09885204418935,7.00101614138945,8.1111430491146,4.53544461092104e-12,1.49568321442832e-10,17.0941949756559,"SNORD104","small nucleolar RNA, C/D box 104"
"318","ILMN_3249244",1.15920763072752,9.3173743074028,8.70247706809117,3.07843100252064e-13,1.39115622644052e-11,19.7426250703066,"TMEM106A","transmembrane protein 106A"
"319","ILMN_3249658",1.14116117056752,9.33613309104502,8.69330326957772,3.20976862735667e-13,1.43812252047715e-11,19.7014767600112,"LOC100134868","uncharacterized LOC100134868"
"320","ILMN_3251944",1.31441357378277,7.48965376520429,10.4454975397949,1.14012284163678e-16,1.28806605438888e-14,27.5284108804378,NA,NA
"321","ILMN_3261345",1.06213308108172,9.78583431620086,8.86389039718355,1.47593700652601e-13,7.21528459587828e-12,20.4667251852955,NA,NA
"322","ILMN_3263375",1.14273446344474,5.98272042986783,7.76521313629761,2.17493188854798e-11,6.08465542089986e-10,15.5520967707805,NA,NA
"323","ILMN_3266775",1.05754423267408,5.63579158148569,8.45789332131201,9.37461329820768e-13,3.7327718245747e-11,18.6460049477732,"VPS53","VPS53 subunit of GARP complex"
"324","ILMN_3267800",1.11346372635682,8.0677145904024,8.816355791146,1.83268054254607e-13,8.73120058185325e-12,20.2534732093857,"CCDC198","coiled-coil domain containing 198"
"325","ILMN_3273065",1.19413220867731,7.14928429868346,7.77733190888904,2.05895268527462e-11,5.787617952941e-10,15.6059832165717,NA,NA
"326","ILMN_3274790",1.13970325123366,9.54757140491751,10.1044261080134,5.29307407849749e-16,4.95952639450328e-14,26.0153509629119,"ACTG1P17","actin gamma 1 pseudogene 17"
"327","ILMN_3302499",1.01557551827489,10.0769826135197,10.0610260039988,6.43840949884495e-16,5.88099516776507e-14,25.8222952190768,"IDS","iduronate 2-sulfatase"
"328","ILMN_3305508",1.2222611208068,6.72472249680324,10.2071419942119,3.33093507673442e-16,3.33262877253615e-14,26.47181000385,NA,NA
"329","ILMN_3307868",-1.23195376732679,5.26606244683424,-9.22750345017184,2.81964552166074e-14,1.67701435912981e-12,22.0975481475291,"CHI3L1","chitinase 3 like 1"
"330","ILMN_3308961",1.56690092545914,8.2584593060868,6.59724463545306,3.99238291058952e-09,6.8186723533338e-08,10.4357712582577,NA,NA
