"","ONTOLOGY","ID","Description","GeneRatio","BgRatio","RichFactor","FoldEnrichment","zScore","pvalue","p.adjust","qvalue","geneID","Count"
"GO:0002385","BP","GO:0002385","mucosal immune response","7/191","36/18860",0.194444444444444,19.2001163467132,11.0556668589808,6.3725561242957e-08,0.000178750199286494,0.000154886653589461,"GP2/DEFA1/DEFA3/DEFA1B/CAMP/RNASE2/FFAR2",7
"GO:0002251","BP","GO:0002251","organ or tissue specific immune response","7/191","40/18860",0.175,17.2801047120419,10.4254033402163,1.37537280827071e-07,0.000192896036359967,0.000167143990226161,"GP2/DEFA1/DEFA3/DEFA1B/CAMP/RNASE2/FFAR2",7
"GO:0030595","BP","GO:0030595","leukocyte chemotaxis","13/191","237/18860",0.0548523206751055,5.41630768551042,6.9202878699709,9.26571748166318e-07,0.000728528452855942,0.000631268298205975,"CXCR1/CXCL8/CCR1/DEFA1/DEFA1B/CXCR2/TREM1/C5AR1/FPR2/S100A12/CCR2/FFAR2/CSF3R",13
"GO:0001906","BP","GO:0001906","cell killing","14/191","281/18860",0.0498220640569395,4.91960276499413,6.69575468678672,1.1061262919314e-06,0.000728528452855942,0.000631268298205975,"CXCL8/FCGR2A/MR1/DEFA1/DEFA3/DEFA1B/TREM1/CAMP/FCGR3B/S100A12/LYZ/LEP/FCGR1A/FCGR1BP",14
"GO:0006935","BP","GO:0006935","chemotaxis","18/191","474/18860",0.0379746835443038,3.74975147458413,6.13273886468131,1.6601873855509e-06,0.000728528452855942,0.000631268298205975,"CXCR1/CXCL8/CCR1/DEFA1/DEFA1B/CXCR2/TREM1/C5AR1/RNASE2/FPR2/S100A12/CCR2/PROK2/FFAR2/CMTM2/FPR1/CSF3R/PLAUR",18
"GO:0042330","BP","GO:0042330","taxis","18/191","476/18860",0.0378151260504202,3.73399621628756,6.11078305829585,1.76205112845042e-06,0.000728528452855942,0.000631268298205975,"CXCR1/CXCL8/CCR1/DEFA1/DEFA1B/CXCR2/TREM1/C5AR1/RNASE2/FPR2/S100A12/CCR2/PROK2/FFAR2/CMTM2/FPR1/CSF3R/PLAUR",18
"GO:0001788","BP","GO:0001788","antibody-dependent cellular cytotoxicity","4/191","10/18860",0.4,39.4973821989529,12.3166048266032,2.04106259725183e-06,0.000728528452855942,0.000631268298205975,"FCGR2A/FCGR3B/FCGR1A/FCGR1BP",4
"GO:0002526","BP","GO:0002526","acute inflammatory response","9/191","112/18860",0.0803571428571429,7.93474195961107,7.44521649113723,2.07779950903656e-06,0.000728528452855942,0.000631268298205975,"FCGR2A/VNN1/PTGS2/CD163/FCGR3B/FFAR2/PLA2G2D/FCGR1A/FCGR1BP",9
"GO:0050900","BP","GO:0050900","leukocyte migration","16/191","397/18860",0.0403022670025189,3.97958510820684,6.06897571399496,3.02216365289443e-06,0.000941907671818765,0.00081616092099804,"CXCR1/CXCL8/GP2/CCR1/DEFA1/DEFA1B/CXCR2/TREM1/C5AR1/FPR2/S100A12/CCR2/FFAR2/LEP/CSF3R/SIRPA",16
"GO:0002227","BP","GO:0002227","innate immune response in mucosa","5/191","24/18860",0.208333333333333,20.5715532286213,9.70402840956394,3.67456221332613e-06,0.000978222124680461,0.000847627314339876,"DEFA1/DEFA3/DEFA1B/CAMP/RNASE2",5
"GO:0042742","BP","GO:0042742","defense response to bacterium","15/191","361/18860",0.0415512465373961,4.10291366332613,6.02094489626817,4.30493173914198e-06,0.000978222124680461,0.000847627314339876,"MR1/DEFA1/DEFA3/DEFA1B/NAIP/TREM1/CAMP/C5AR1/PI3/ADM/FPR2/S100A12/CD36/LYZ/FCGR1A",15
"GO:0001794","BP","GO:0001794","type IIa hypersensitivity","4/191","12/18860",0.333333333333333,32.9144851657941,11.1856523007831,4.73518178862837e-06,0.000978222124680461,0.000847627314339876,"FCGR2A/FCGR3B/FCGR1A/FCGR1BP",4
"GO:0002445","BP","GO:0002445","type II hypersensitivity","4/191","12/18860",0.333333333333333,32.9144851657941,11.1856523007831,4.73518178862837e-06,0.000978222124680461,0.000847627314339876,"FCGR2A/FCGR3B/FCGR1A/FCGR1BP",4
"GO:0032640","BP","GO:0032640","tumor necrosis factor production","11/191","196/18860",0.0561224489795918,5.54172454322043,6.4649020525204,5.23113435658e-06,0.000978222124680461,0.000847627314339876,"FCGR2A/CAMP/CLEC4A/CD33/CCR2/CD36/LEP/FCGR1A/FCGR1BP/SIRPA/TMEM106A",11
"GO:0032680","BP","GO:0032680","regulation of tumor necrosis factor production","11/191","196/18860",0.0561224489795918,5.54172454322043,6.4649020525204,5.23113435658e-06,0.000978222124680461,0.000847627314339876,"FCGR2A/CAMP/CLEC4A/CD33/CCR2/CD36/LEP/FCGR1A/FCGR1BP/SIRPA/TMEM106A",11
"GO:0097529","BP","GO:0097529","myeloid leukocyte migration","12/191","237/18860",0.0506329113924051,4.99966863277885,6.26742072662529,5.6026142948603e-06,0.000982208318567696,0.000851081342554765,"CXCR1/CXCL8/GP2/CCR1/CXCR2/TREM1/C5AR1/FPR2/S100A12/CCR2/CSF3R/SIRPA",12
"GO:0071706","BP","GO:0071706","tumor necrosis factor superfamily cytokine production","11/191","201/18860",0.054726368159204,5.40387069886171,6.34897901532855,6.65369767584145e-06,0.00103686788781863,0.000898443738802216,"FCGR2A/CAMP/CLEC4A/CD33/CCR2/CD36/LEP/FCGR1A/FCGR1BP/SIRPA/TMEM106A",11
"GO:1903555","BP","GO:1903555","regulation of tumor necrosis factor superfamily cytokine production","11/191","201/18860",0.054726368159204,5.40387069886171,6.34897901532855,6.65369767584145e-06,0.00103686788781863,0.000898443738802216,"FCGR2A/CAMP/CLEC4A/CD33/CCR2/CD36/LEP/FCGR1A/FCGR1BP/SIRPA/TMEM106A",11
"GO:0050830","BP","GO:0050830","defense response to Gram-positive bacterium","9/191","132/18860",0.0681818181818182,6.73250832936697,6.68500052524958,8.06515147967718e-06,0.00119067104739445,0.00103171383748336,"MR1/DEFA1/DEFA3/DEFA1B/CAMP/C5AR1/ADM/CD36/LYZ",9
"GO:0032612","BP","GO:0032612","interleukin-1 production","9/191","136/18860",0.0661764705882353,6.53449337850323,6.55184321387317,1.02770482019231e-05,0.0013727200098283,0.00118945886206719,"TLR8/NAIP/CAMP/PANX2/CD33/IL1R2/CD36/SIRPA/TMEM106A",9
"GO:0032652","BP","GO:0032652","regulation of interleukin-1 production","9/191","136/18860",0.0661764705882353,6.53449337850323,6.55184321387317,1.02770482019231e-05,0.0013727200098283,0.00118945886206719,"TLR8/NAIP/CAMP/PANX2/CD33/IL1R2/CD36/SIRPA/TMEM106A",9
"GO:0002274","BP","GO:0002274","myeloid leukocyte activation","12/191","255/18860",0.0470588235294118,4.64675084693563,5.93030228985876,1.17509025706179e-05,0.00149824007775378,0.00129822172418931,"CXCL8/CXCR2/CAMP/C5AR1/FPR2/SHPK/CD33/S100A12/CCR2/DYSF/FCAR/TMEM106A",12
"GO:1990266","BP","GO:1990266","neutrophil migration","8/191","106/18860",0.0754716981132075,7.45233626395337,6.73811556734868,1.23546817636282e-05,0.00150673401508596,0.00130558170216099,"CXCR1/CXCL8/GP2/CXCR2/TREM1/C5AR1/S100A12/CSF3R",8
"GO:0050829","BP","GO:0050829","defense response to Gram-negative bacterium","8/191","109/18860",0.073394495412844,7.24722609155099,6.61612560777837,1.51669036036942e-05,0.00177263185868176,0.00153598159740921,"MR1/DEFA1/DEFA3/DEFA1B/TREM1/CAMP/ADM/LYZ",8
"GO:0002438","BP","GO:0002438","acute inflammatory response to antigenic stimulus","5/191","32/18860",0.15625,15.428664921466,8.26255813592203,1.63016390810135e-05,0.00182904390488971,0.00158486251107621,"FCGR2A/FCGR3B/PLA2G2D/FCGR1A/FCGR1BP",5
"GO:0032760","BP","GO:0032760","positive regulation of tumor necrosis factor production","8/191","113/18860",0.0707964601769911,6.99068711485892,6.46048995660452,1.97380298490036e-05,0.00212613136617365,0.00184228814128716,"FCGR2A/CAMP/CCR2/CD36/LEP/FCGR1A/FCGR1BP/TMEM106A",8
"GO:0001659","BP","GO:0001659","temperature homeostasis","10/191","186/18860",0.0537634408602151,5.30878792996679,5.97321848477767,2.0513725231954e-05,0.00212613136617365,0.00184228814128716,"PTGS2/CPT2/ACSL1/G0S2/ALPL/ALDH1A1/CCR2/CD36/PCTP/LEP",10
"GO:0030593","BP","GO:0030593","neutrophil chemotaxis","7/191","83/18860",0.0843373493975904,8.32776130700814,6.76725814310358,2.12234147069027e-05,0.00212613136617365,0.00184228814128716,"CXCR1/CXCL8/CXCR2/TREM1/C5AR1/S100A12/CSF3R",7
"GO:0120161","BP","GO:0120161","regulation of cold-induced thermogenesis","9/191","151/18860",0.0596026490066225,5.88537151971152,6.09643950214183,2.37812154359887e-05,0.00230021756199821,0.00199313344615963,"CPT2/ACSL1/G0S2/ALPL/ALDH1A1/CCR2/CD36/PCTP/LEP",9
"GO:1903557","BP","GO:1903557","positive regulation of tumor necrosis factor superfamily cytokine production","8/191","117/18860",0.0683760683760684,6.75168926477827,6.31225128684741,2.54138302905426e-05,0.00237619313216573,0.00205896611020571,"FCGR2A/CAMP/CCR2/CD36/LEP/FCGR1A/FCGR1BP/TMEM106A",8
"GO:0106106","BP","GO:0106106","cold-induced thermogenesis","9/191","154/18860",0.0584415584415584,5.77072142517169,6.01269866576491,2.77930080062077e-05,0.00251481895023912,0.00217908507593663,"CPT2/ACSL1/G0S2/ALPL/ALDH1A1/CCR2/CD36/PCTP/LEP",9
"GO:0015908","BP","GO:0015908","fatty acid transport","8/191","119/18860",0.0672268907563025,6.63821549562233,6.24071367038032,2.87286436079868e-05,0.00251824516626259,0.00218205388456715,"PTGS2/CPT2/ACSL1/DRD3/CD36/IRS2/LEP/PLA2G2D",8
"GO:0060326","BP","GO:0060326","cell chemotaxis","13/191","330/18860",0.0393939393939394,3.88989370141203,5.35693793566887,3.32681893726051e-05,0.00276110456756357,0.00239249102035999,"CXCR1/CXCL8/CCR1/DEFA1/DEFA1B/CXCR2/TREM1/C5AR1/FPR2/S100A12/CCR2/FFAR2/CSF3R",13
"GO:0046209","BP","GO:0046209","nitric oxide metabolic process","7/191","89/18860",0.0786516853932584,7.76633919642332,6.47173237557588,3.34679341522857e-05,0.00276110456756357,0.00239249102035999,"PTGS2/CYP1B1/CD36/MTARC1/SIRPA/SOD2/TMEM106A",7
"GO:0038093","BP","GO:0038093","Fc receptor signaling pathway","6/191","61/18860",0.0983606557377049,9.7124710325294,6.893731697357,3.48616608716129e-05,0.00279391310699641,0.00242091954744524,"FCGR2A/FCGR3B/CD33/FCGR1A/FCGR1BP/FCAR",6
"GO:2001057","BP","GO:2001057","reactive nitrogen species metabolic process","7/191","91/18860",0.0769230769230769,7.59565042287556,6.37930320600682,3.86516003941535e-05,0.0029324103298695,0.00254092708571862,"PTGS2/CYP1B1/CD36/MTARC1/SIRPA/SOD2/TMEM106A",7
"GO:0038094","BP","GO:0038094","Fc-gamma receptor signaling pathway","5/191","38/18860",0.131578947368421,12.9925599338661,7.48490508284535,3.86806353672626e-05,0.0029324103298695,0.00254092708571862,"FCGR2A/FCGR3B/CD33/FCGR1A/FCGR1BP",5
"GO:1902001","BP","GO:1902001","fatty acid transmembrane transport","4/191","20/18860",0.2,19.7486910994764,8.48517860806049,4.34954594300323e-05,0.00321065167634844,0.00278202259900124,"CPT2/ACSL1/CD36/IRS2",4
"GO:0007204","BP","GO:0007204","positive regulation of cytosolic calcium ion concentration","9/191","166/18860",0.0542168674698795,5.35356084021952,5.69853249212001,5.00844248435105e-05,0.00343102219793057,0.00297297317009914,"CXCR1/CCR1/CXCR2/C5AR1/FPR2/CCR2/PROK2/CD36/FPR1",9
"GO:0015909","BP","GO:0015909","long-chain fatty acid transport","6/191","65/18860",0.0923076923076923,9.11478050745067,6.62869103079564,5.01504135882899e-05,0.00343102219793057,0.00297297317009914,"CPT2/ACSL1/DRD3/CD36/IRS2/PLA2G2D",6
"GO:0032757","BP","GO:0032757","positive regulation of interleukin-8 production","6/191","65/18860",0.0923076923076923,9.11478050745067,6.62869103079564,5.01504135882899e-05,0.00343102219793057,0.00297297317009914,"TLR8/CAMP/CD58/FFAR2/LEP/CHI3L1",6
"GO:0006909","BP","GO:0006909","phagocytosis","11/191","251/18860",0.0438247011952191,4.32740243215619,5.36779793042443,5.23332931357896e-05,0.00347724817378732,0.00301302787626416,"FCGR2A/CD302/FPR2/CCR2/CD36/NCF2/DYSF/LEP/FCGR1A/FCGR1BP/SIRPA",11
"GO:0002524","BP","GO:0002524","hypersensitivity","4/191","21/18860",0.19047619047619,18.8082772375966,8.25882223661962,5.33054087247254e-05,0.00347724817378732,0.00301302787626416,"FCGR2A/FCGR3B/FCGR1A/FCGR1BP",4
"GO:1990845","BP","GO:1990845","adaptive thermogenesis","9/191","171/18860",0.0526315789473684,5.19702397354643,5.57650324344386,6.3059649968309e-05,0.0040200526854797,0.00348336678891927,"CPT2/ACSL1/G0S2/ALPL/ALDH1A1/CCR2/CD36/PCTP/LEP",9
"GO:0050832","BP","GO:0050832","defense response to fungus","6/191","68/18860",0.0882352941176471,8.71265783800431,6.44447443767253,6.48064155371379e-05,0.00403959990181493,0.00350030440877781,"DEFA1/DEFA3/DEFA1B/CAMP/CLEC4A/S100A12",6
"GO:0031640","BP","GO:0031640","killing of cells of another organism","8/191","135/18860",0.0592592592592593,5.8514640294745,5.72195282347772,7.07164503450908e-05,0.0041380561224394,0.00358561650688154,"CXCL8/DEFA1/DEFA3/DEFA1B/TREM1/CAMP/S100A12/LYZ",8
"GO:0141061","BP","GO:0141061","disruption of cell in another organism","8/191","135/18860",0.0592592592592593,5.8514640294745,5.72195282347772,7.07164503450908e-05,0.0041380561224394,0.00358561650688154,"CXCL8/DEFA1/DEFA3/DEFA1B/TREM1/CAMP/S100A12/LYZ",8
"GO:0061515","BP","GO:0061515","myeloid cell development","7/191","100/18860",0.07,6.91204188481675,5.99565412152524,7.08116555711555e-05,0.0041380561224394,0.00358561650688154,"FLNA/TRIM58/ANXA2/BCL6/EVI2B/ALAS2/BPGM",7
"GO:0007249","BP","GO:0007249","canonical NF-kappaB signal transduction","13/191","359/18860",0.0362116991643454,3.57566830491913,4.98373615862421,7.85921909110826e-05,0.00449900194909361,0.00389837526989667,"NAMPT/TLR8/WLS/CCR1/FLNA/PPM1B/S100A12/CD36/LIMS1/TNFSF15/SIRPA/PPM1A/TMEM106A",13
"GO:0120162","BP","GO:0120162","positive regulation of cold-induced thermogenesis","7/191","102/18860",0.0686274509803922,6.77651165178113,5.91681458254714,8.03148897296949e-05,0.00450566531383589,0.00390414906075506,"CPT2/ACSL1/G0S2/ALPL/CCR2/CD36/LEP",7
"GO:0031623","BP","GO:0031623","receptor internalization","8/191","139/18860",0.0575539568345324,5.6830765753889,5.60518077451373,8.68454402611048e-05,0.00468464346023844,0.00405923323001804,"CXCR1/CXCL8/CXCR2/ADM/ANXA2/DRD3/CD36/SDCBP",8
"GO:0141060","BP","GO:0141060","disruption of anatomical structure in another organism","8/191","139/18860",0.0575539568345324,5.6830765753889,5.60518077451373,8.68454402611048e-05,0.00468464346023844,0.00405923323001804,"CXCL8/DEFA1/DEFA3/DEFA1B/TREM1/CAMP/S100A12/LYZ",8
"GO:0032637","BP","GO:0032637","interleukin-8 production","7/191","105/18860",0.0666666666666667,6.58289703315881,5.80244749660598,9.64988011783316e-05,0.00501257661676334,0.00434338658714947,"TLR8/CAMP/CD33/CD58/FFAR2/LEP/CHI3L1",7
"GO:0032677","BP","GO:0032677","regulation of interleukin-8 production","7/191","105/18860",0.0666666666666667,6.58289703315881,5.80244749660598,9.64988011783316e-05,0.00501257661676334,0.00434338658714947,"TLR8/CAMP/CD33/CD58/FFAR2/LEP/CHI3L1",7
"GO:0019730","BP","GO:0019730","antimicrobial humoral response","9/191","184/18860",0.0489130434782609,4.82984293193717,5.28035873071453,0.000110659059336167,0.00564361202614451,0.00489017737812841,"CXCL8/DEFA1/DEFA3/DEFA1B/CAMP/PI3/ADM/S100A12/LYZ",9
"GO:0050764","BP","GO:0050764","regulation of phagocytosis","7/191","108/18860",0.0648148148148148,6.40003878223774,5.69246600175419,0.000115243813635131,0.00572989685581544,0.00496494299280527,"FCGR2A/FPR2/CD36/DYSF/FCGR1A/FCGR1BP/SIRPA",7
"GO:0015911","BP","GO:0015911","long-chain fatty acid import across plasma membrane","3/191","10/18860",0.3,29.6230366492147,9.15747022807556,0.000116436406695715,0.00572989685581544,0.00496494299280527,"ACSL1/CD36/IRS2",3
"GO:0002407","BP","GO:0002407","dendritic cell chemotaxis","4/191","26/18860",0.153846153846154,15.1913008457511,7.32408007526017,0.000127981993665878,0.00605357704705094,0.00524541116489,"CXCR1/CCR1/CXCR2/CCR2",4
"GO:0006081","BP","GO:0006081","aldehyde metabolic process","6/191","77/18860",0.0779220779220779,7.69429523356225,5.95364905664208,0.000130198224400868,0.00605357704705094,0.00524541116489,"RDH13/CYP1B1/ALPL/ALDH1A1/SHPK/ALDH2",6
"GO:0032732","BP","GO:0032732","positive regulation of interleukin-1 production","6/191","77/18860",0.0779220779220779,7.69429523356225,5.95364905664208,0.000130198224400868,0.00605357704705094,0.00524541116489,"TLR8/NAIP/CAMP/PANX2/CD36/TMEM106A",6
"GO:0043123","BP","GO:0043123","positive regulation of canonical NF-kappaB signal transduction","10/191","232/18860",0.0431034482758621,4.2561834266113,5.04760341295662,0.000131646417065992,0.00605357704705094,0.00524541116489,"NAMPT/TLR8/WLS/FLNA/S100A12/CD36/LIMS1/TNFSF15/PPM1A/TMEM106A",10
"GO:0097530","BP","GO:0097530","granulocyte migration","8/191","148/18860",0.0540540540540541,5.33748408093958,5.35826431909371,0.00013449358956025,0.00608475030187907,0.0052724227214706,"CXCR1/CXCL8/GP2/CXCR2/TREM1/C5AR1/S100A12/CSF3R",8
"GO:0019731","BP","GO:0019731","antibacterial humoral response","6/191","78/18860",0.0769230769230769,7.59565042287556,5.90404282167175,0.000139873743867055,0.00622771192931886,0.0053962986564583,"DEFA1/DEFA3/DEFA1B/CAMP/PI3/ADM",6
"GO:0071674","BP","GO:0071674","mononuclear cell migration","10/191","235/18860",0.0425531914893617,4.20184917010137,4.9957666693072,0.000146213499831325,0.00631885452729234,0.00547527351665935,"CXCR1/CCR1/DEFA1/DEFA1B/CXCR2/C5AR1/FPR2/S100A12/CCR2/SIRPA",10
"GO:0009620","BP","GO:0009620","response to fungus","6/191","79/18860",0.0759493670886076,7.49950294916827,5.85530902172358,0.000150110140103314,0.00631885452729234,0.00547527351665935,"DEFA1/DEFA3/DEFA1B/CAMP/CLEC4A/S100A12",6
"GO:0050766","BP","GO:0050766","positive regulation of phagocytosis","6/191","79/18860",0.0759493670886076,7.49950294916827,5.85530902172358,0.000150110140103314,0.00631885452729234,0.00547527351665935,"FCGR2A/FPR2/CD36/FCGR1A/FCGR1BP/SIRPA",6
"GO:0043122","BP","GO:0043122","regulation of canonical NF-kappaB signal transduction","12/191","332/18860",0.036144578313253,3.56904056014634,4.77684575234551,0.000150931641115361,0.00631885452729234,0.00547527351665935,"NAMPT/TLR8/WLS/FLNA/PPM1B/S100A12/CD36/LIMS1/TNFSF15/SIRPA/PPM1A/TMEM106A",12
"GO:0002768","BP","GO:0002768","immune response-regulating cell surface receptor signaling pathway","13/191","385/18860",0.0337662337662338,3.33419460121031,4.68048316498496,0.000157569829041844,0.00647937664805909,0.00561436558039908,"FCGR2A/LAX1/C5AR1/FCGR3B/MNDA/FPR2/CD33/FFAR2/FPR1/FCGR1A/FCGR1BP/FCAR/PRNP",13
"GO:0006809","BP","GO:0006809","nitric oxide biosynthetic process","6/191","80/18860",0.075,7.40575916230366,5.807420750178,0.000160930539333955,0.00647937664805909,0.00561436558039908,"PTGS2/CYP1B1/CD36/MTARC1/SIRPA/SOD2",6
"GO:0033157","BP","GO:0033157","regulation of intracellular protein transport","8/191","152/18860",0.0526315789473684,5.19702397354643,5.25490718036009,0.000161695673926608,0.00647937664805909,0.00561436558039908,"FLNA/GRIPAP1/CD36/FRAT2/YWHAB/UBE2G2/LEP/PPM1A",8
"GO:0006968","BP","GO:0006968","cellular defense response","5/191","52/18860",0.0961538461538462,9.49456302859444,6.20421576441342,0.000178586764906073,0.00691910092899841,0.00599538570036864,"CXCR2/C5AR1/MNDA/CCR2/NCF2",5
"GO:0032611","BP","GO:0032611","interleukin-1 beta production","7/191","116/18860",0.0603448275862069,5.95865679725582,5.4184789859946,0.000180069293339353,0.00691910092899841,0.00599538570036864,"TLR8/NAIP/CAMP/CD33/CD36/SIRPA/TMEM106A",7
"GO:0032651","BP","GO:0032651","regulation of interleukin-1 beta production","7/191","116/18860",0.0603448275862069,5.95865679725582,5.4184789859946,0.000180069293339353,0.00691910092899841,0.00599538570036864,"TLR8/NAIP/CAMP/CD33/CD36/SIRPA/TMEM106A",7
"GO:0002444","BP","GO:0002444","myeloid leukocyte mediated immunity","7/191","118/18860",0.0593220338983051,5.85766261425149,5.3539692285405,0.000200182861749661,0.00758801252983512,0.0065749961277378,"FCGR2A/TREM1/FCGR3B/CCR2/FCGR1A/FCGR1BP/FCAR",7
"GO:1990748","BP","GO:1990748","cellular detoxification","7/191","120/18860",0.0583333333333333,5.76003490401396,5.29092314468871,0.000222072828843848,0.0083055237987599,0.00719671806035711,"PTGS2/ALDH1A1/CD36/ALDH2/MTARC1/MGST1/SOD2",7
"GO:0071621","BP","GO:0071621","granulocyte chemotaxis","7/191","121/18860",0.0578512396694215,5.71243130976591,5.2599304102009,0.000233719528833171,0.00862609576811901,0.00747449296503867,"CXCR1/CXCL8/CXCR2/TREM1/C5AR1/S100A12/CSF3R",7
"GO:0051223","BP","GO:0051223","regulation of protein transport","14/191","458/18860",0.0305676855895196,3.0183589016667,4.42297114647779,0.000247135999659666,0.00900281141617353,0.00780091624352929,"WLS/FLNA/CAMP/DRD3/CD33/GRIPAP1/CD36/FRAT2/FFAR2/YWHAB/IRS2/UBE2G2/LEP/PPM1A",14
"GO:0036230","BP","GO:0036230","granulocyte activation","5/191","56/18860",0.0892857142857143,8.81637995512341,5.92502300072604,0.000254035048917563,0.00913549118222774,0.00791588296829491,"CXCL8/CXCR2/CAMP/CCR2/FCAR",5
"GO:0050727","BP","GO:0050727","regulation of inflammatory response","14/191","460/18860",0.0304347826086957,3.00523560209424,4.40403637224648,0.000258328468786205,0.00917229563221905,0.00794777394306925,"PTGS2/CCR1/NAIP/BCL6/FPR2/SHPK/S100A12/CCR2/MMP9/FFAR2/PLA2G2D/FCGR1A/SIRPA/NLRP8",14
"GO:0010575","BP","GO:0010575","positive regulation of vascular endothelial growth factor production","4/191","32/18860",0.125,12.3429319371728,6.49551674204203,0.000293577488958727,0.0102126698549971,0.0088492559133834,"PTGS2/SULF2/C5AR1/CYP1B1",4
"GO:0098754","BP","GO:0098754","detoxification","8/191","166/18860",0.0481927710843374,4.75872074686179,4.91992488239064,0.00029491132201596,0.0102126698549971,0.0088492559133834,"PTGS2/ALDH1A1/AQP9/CD36/ALDH2/MTARC1/MGST1/SOD2",8
"GO:0006959","BP","GO:0006959","humoral immune response","11/191","307/18860",0.0358306188925081,3.53803912205604,4.53498561304811,0.000306442009016995,0.0104825589669838,0.0090831142338927,"CXCL8/DEFA1/DEFA3/DEFA1B/TREM1/CAMP/PI3/ADM/S100A12/CCR2/LYZ",11
"GO:0150076","BP","GO:0150076","neuroinflammatory response","6/191","91/18860",0.0659340659340659,6.5105575053219,5.32980296206463,0.000325645673373767,0.0110052543832942,0.00953602865973403,"PTGS2/CCR1/C5AR1/FPR2/MMP9/BPGM",6
"GO:0036336","BP","GO:0036336","dendritic cell migration","4/191","33/18860",0.121212121212121,11.9689036966524,6.37889007527799,0.000331442584360078,0.0110678148705955,0.00959023718405288,"CXCR1/CCR1/CXCR2/CCR2",4
"GO:0010574","BP","GO:0010574","regulation of vascular endothelial growth factor production","5/191","62/18860",0.0806451612903226,7.96318189495018,5.55473376463393,0.000409777599077384,0.0135226607695537,0.0117173557432778,"PTGS2/SULF2/C5AR1/CYP1B1/CCR2",5
"GO:0097237","BP","GO:0097237","cellular response to toxic substance","7/191","134/18860",0.0522388059701493,5.15824021254982,4.88601672966556,0.000435202055862261,0.0141404081849598,0.0122526325167735,"PTGS2/ALDH1A1/CD36/ALDH2/MTARC1/MGST1/SOD2",7
"GO:0070542","BP","GO:0070542","response to fatty acid","5/191","63/18860",0.0793650793650794,7.83678218233192,5.49785439326996,0.000441486822821309,0.0141404081849598,0.0122526325167735,"ACSL1/PDK4/CAMP/CD36/FFAR2",5
"GO:0009636","BP","GO:0009636","response to toxic substance","10/191","270/18860",0.037037037037037,3.65716501842156,4.44811697392668,0.000443620648939914,0.0141404081849598,0.0122526325167735,"PTGS2/CYP1B1/ALDH1A1/AQP9/CD36/ALDH2/MTARC1/MGST1/FECH/SOD2",10
"GO:0061844","BP","GO:0061844","antimicrobial humoral immune response mediated by antimicrobial peptide","7/191","135/18860",0.0518518518518519,5.12003102579019,4.85928021265563,0.000455134862413981,0.0143444189783283,0.0124294074194427,"CXCL8/DEFA1/DEFA3/DEFA1B/CAMP/ADM/S100A12",7
"GO:0051873","BP","GO:0051873","killing by host of symbiont cells","4/191","36/18860",0.111111111111111,10.9714950552647,6.05718805950874,0.000465950836214274,0.0145221343953449,0.0125833974364767,"DEFA1/DEFA1B/TREM1/CAMP",4
"GO:0015718","BP","GO:0015718","monocarboxylic acid transport","8/191","180/18860",0.0444444444444444,4.38859802210588,4.62044021998631,0.00050681909148037,0.0155621343220265,0.0134845550800485,"PTGS2/CPT2/ACSL1/DRD3/CD36/IRS2/LEP/PLA2G2D",8
"GO:0010573","BP","GO:0010573","vascular endothelial growth factor production","5/191","65/18860",0.0769230769230769,7.59565042287556,5.38776480278625,0.000510415813770567,0.0155621343220265,0.0134845550800485,"PTGS2/SULF2/C5AR1/CYP1B1/CCR2",5
"GO:0032731","BP","GO:0032731","positive regulation of interleukin-1 beta production","5/191","66/18860",0.0757575757575758,7.48056481040774,5.33446292118714,0.000547769133375066,0.0165214238614738,0.0143157773510246,"TLR8/NAIP/CAMP/CD36/TMEM106A",5
"GO:0006898","BP","GO:0006898","receptor-mediated endocytosis","10/191","279/18860",0.03584229390681,3.53919195331119,4.3219384645351,0.000572675171758174,0.0169089879661229,0.0146516007932368,"CXCR1/CXCL8/CXCR2/ADM/ANXA2/DRD3/FPR2/CD36/FCGR1A/SDCBP",10
"GO:0032386","BP","GO:0032386","regulation of intracellular transport","10/191","279/18860",0.03584229390681,3.53919195331119,4.3219384645351,0.000572675171758174,0.0169089879661229,0.0146516007932368,"FLNA/TRIM58/ANXA2/GRIPAP1/CD36/FRAT2/YWHAB/UBE2G2/LEP/PPM1A",10
"GO:0032147","BP","GO:0032147","activation of protein kinase activity","4/191","39/18860",0.102564102564103,10.1275338971674,5.77138301050813,0.000635409999675155,0.0185658859280084,0.0160872992242317,"STRADB/TNFSF15/LEP/CHI3L1",4
"GO:0080164","BP","GO:0080164","regulation of nitric oxide metabolic process","5/191","69/18860",0.072463768115942,7.15532286212914,5.18102780263423,0.000672203697861576,0.0194384677577497,0.0168433894559129,"PTGS2/CD36/SIRPA/SOD2/TMEM106A",5
"GO:0002430","BP","GO:0002430","complement receptor mediated signaling pathway","3/191","18/18860",0.166666666666667,16.457242582897,6.63621215346606,0.000745845518499417,0.0211322896908168,0.0183110824265301,"C5AR1/FPR2/FPR1",3
"GO:0044539","BP","GO:0044539","long-chain fatty acid import into cell","3/191","18/18860",0.166666666666667,16.457242582897,6.63621215346606,0.000745845518499417,0.0211322896908168,0.0183110824265301,"ACSL1/CD36/IRS2",3
"GO:0007200","BP","GO:0007200","phospholipase C-activating G protein-coupled receptor signaling pathway","7/191","147/18860",0.0476190476190476,4.70206930939915,4.55771316548842,0.000756234091144684,0.0212123662566084,0.0183804685942429,"CXCR2/C5AR1/DRD3/FPR2/FFAR2/FPR1/HRH1",7
"GO:2000379","BP","GO:2000379","positive regulation of reactive oxygen species metabolic process","5/191","71/18860",0.0704225352112676,6.95376447164663,5.08375341705891,0.000766171154000624,0.0212783176927896,0.0184376153682902,"FPR2/CD36/LEP/SIRPA/SOD2",5
"GO:0051702","BP","GO:0051702","biological process involved in interaction with symbiont","4/191","42/18860",0.0952380952380952,9.4041386187983,5.51501383463666,0.000844489040181763,0.0232234486049985,0.0201230670152703,"DEFA1/DEFA1B/TREM1/CAMP",4
"GO:0006040","BP","GO:0006040","amino sugar metabolic process","4/191","43/18860",0.0930232558139535,9.18543772068672,5.43521126773664,0.000923800638801413,0.0251578717654171,0.0217992404189317,"CHST6/CHST5/ALDH1A1/CHI3L1",4
"GO:0051051","BP","GO:0051051","negative regulation of transport","13/191","468/18860",0.0277777777777778,2.74287376381617,3.86180077863978,0.000998626422856479,0.0269336983951986,0.0233379902784552,"ANXA2/DRD3/CCR2/CD36/MMP9/FFAR2/DYSF/YWHAB/IRS2/UBE2G2/LEP/SDCBP/SIRPA",13
"GO:0032309","BP","GO:0032309","icosanoid secretion","4/191","44/18860",0.0909090909090909,8.97667777248929,5.35796929707758,0.00100821330891118,0.0269336983951986,0.0233379902784552,"PTGS2/DRD3/LEP/PLA2G2D",4
"GO:1904407","BP","GO:1904407","positive regulation of nitric oxide metabolic process","4/191","45/18860",0.0888888888888889,8.77719604421175,5.28314679785652,0.00109790220858257,0.028883202245706,0.02502723106683,"PTGS2/CD36/SOD2/TMEM106A",4
"GO:0008217","BP","GO:0008217","regulation of blood pressure","8/191","203/18860",0.0394088669950739,3.89136770433033,4.18934305376677,0.00110966753782632,0.028883202245706,0.02502723106683,"PTGS2/MME/ADM/DRD3/LEP/SLC4A5/SOD2/SGK1",8
"GO:0001909","BP","GO:0001909","leukocyte mediated cytotoxicity","7/191","157/18860",0.0445859872611465,4.40257444892787,4.33029328684216,0.00111208051427317,0.028883202245706,0.02502723106683,"FCGR2A/MR1/TREM1/FCGR3B/LEP/FCGR1A/FCGR1BP",7
"GO:0042327","BP","GO:0042327","positive regulation of phosphorylation","9/191","254/18860",0.0354330708661417,3.49878385620646,4.05540775657438,0.00116418465711606,0.0299590638826656,0.0259594628032929,"STRADB/S100A12/MMP9/SYAP1/TNFSF15/LEP/SDCBP/PLAUR/CHI3L1",9
"GO:0110096","BP","GO:0110096","cellular response to aldehyde","3/191","21/18860",0.142857142857143,14.1062079281975,6.07817589714061,0.00118878964605833,0.0303141359744875,0.0262671319880257,"ALDH1A1/ALDH2/SGK1",3
"GO:0002437","BP","GO:0002437","inflammatory response to antigenic stimulus","5/191","79/18860",0.0632911392405063,6.24958579097356,4.72927657431602,0.00124267959145096,0.0313194147757221,0.0271382038529477,"FCGR2A/FCGR3B/PLA2G2D/FCGR1A/FCGR1BP",5
"GO:0006631","BP","GO:0006631","fatty acid metabolic process","12/191","421/18860",0.0285035629453682,2.81454029921279,3.80850447036072,0.00125054347767589,0.0313194147757221,0.0271382038529477,"ABHD5/PTGS2/CPT2/ACSL1/PDK4/CYP1B1/CD36/PNPLA3/IRS2/PTGR2/LEP/LONP2",12
"GO:0010876","BP","GO:0010876","lipid localization","13/191","483/18860",0.0269151138716356,2.65769134879083,3.73297786464247,0.00132662287428444,0.0329307713483881,0.0285344407705894,"ABHD5/PTGS2/CPT2/ACSL1/ANXA2/DRD3/CD36/ANO9/PCTP/IRS2/LEP/PLA2G2D/VPS53",13
"GO:0140354","BP","GO:0140354","lipid import into cell","3/191","22/18860",0.136363636363636,13.4650166587339,5.91700986583315,0.00136628747260384,0.0336178628127524,0.0291298040096239,"ACSL1/CD36/IRS2",3
"GO:0042119","BP","GO:0042119","neutrophil activation","4/191","48/18860",0.0833333333333333,8.22862129144852,5.07193982456739,0.00140037539436545,0.0341569824451746,0.0295969499825155,"CXCL8/CXCR2/CAMP/FCAR",4
"GO:0046822","BP","GO:0046822","regulation of nucleocytoplasmic transport","6/191","121/18860",0.0495867768595041,4.89636969408507,4.3490572267506,0.00146279810530927,0.0350701138767211,0.0303881763547609,"FLNA/CD36/FRAT2/YWHAB/LEP/PPM1A",6
"GO:0002695","BP","GO:0002695","negative regulation of leukocyte activation","8/191","212/18860",0.0377358490566038,3.72616813197669,4.03756868103017,0.0014628175841627,0.0350701138767211,0.0303881763547609,"LAX1/FGL2/FBXO7/BCL6/MNDA/CD33/PLA2G2D/PRNP",8
"GO:0045807","BP","GO:0045807","positive regulation of endocytosis","7/191","165/18860",0.0424242424242424,4.18911629382834,4.16164546878114,0.00148191778968469,0.0352269440683522,0.0305240693700442,"FCGR2A/ANXA2/FPR2/CD36/FCGR1A/FCGR1BP/SIRPA",7
"GO:0002673","BP","GO:0002673","regulation of acute inflammatory response","4/191","49/18860",0.0816326530612245,8.06069024468426,5.00558388230745,0.00151291667077437,0.0356616072396816,0.0309007040496951,"PTGS2/FFAR2/PLA2G2D/FCGR1A",4
"GO:0090026","BP","GO:0090026","positive regulation of monocyte chemotaxis","3/191","23/18860",0.130434782608696,12.8795811518325,5.76600034164301,0.00155958654424527,0.0363933977114327,0.0315347988800819,"CCR1/FPR2/CCR2",3
"GO:0006605","BP","GO:0006605","protein targeting","10/191","319/18860",0.0313479623824451,3.09540612844458,3.81779372990078,0.00157878300543201,0.0363933977114327,0.0315347988800819,"RN7SL2/LAMP2/FBXO7/BNIP3L/YWHAB/LONP2/PRNP/SDCBP/VPS41/VPS53",10
"GO:0002237","BP","GO:0002237","response to molecule of bacterial origin","11/191","375/18860",0.0293333333333333,2.89647469458988,3.75204850863829,0.00158288574716392,0.0363933977114327,0.0315347988800819,"CXCL8/SLC22A4/CAMP/C5AR1/ALPL/SHPK/CD36/MMP9/FCAR/SIRPA/SOD2",11
"GO:0019884","BP","GO:0019884","antigen processing and presentation of exogenous antigen","4/191","50/18860",0.08,7.89947643979058,4.94108387812416,0.00163160586033292,0.0372085726685679,0.0322411461832154,"MR1/CLEC4A/HLA-DRB4/FCGR1A",4
"GO:0002532","BP","GO:0002532","production of molecular mediator involved in inflammatory response","6/191","128/18860",0.046875,4.62859947643979,4.16646204458953,0.00194780890401899,0.0432868405636935,0.0375079519135259,"CCR1/CAMP/IL1R2/CD36/LEP/SIRPA",6
"GO:0030282","BP","GO:0030282","bone mineralization","6/191","128/18860",0.046875,4.62859947643979,4.16646204458953,0.00194780890401899,0.0432868405636935,0.0375079519135259,"FBN2/CCR1/ALPL/SRGN/LEP/KLF10",6
"GO:0045860","BP","GO:0045860","positive regulation of protein kinase activity","6/191","128/18860",0.046875,4.62859947643979,4.16646204458953,0.00194780890401899,0.0432868405636935,0.0375079519135259,"STRADB/S100A12/SYAP1/TNFSF15/LEP/CHI3L1",6
"GO:0071216","BP","GO:0071216","cellular response to biotic stimulus","9/191","274/18860",0.0328467153284672,3.24339817327168,3.78359081872825,0.00195986764762534,0.0432868405636935,0.0375079519135259,"RBM14/CXCL8/CAMP/CDA/SHPK/CD36/MMP9/FCAR/SIRPA",9
"GO:0070098","BP","GO:0070098","chemokine-mediated signaling pathway","5/191","89/18860",0.0561797752808989,5.54738514030237,4.34939171424689,0.00211019966507744,0.0462430473479861,0.0400694985745379,"CXCR1/CCR1/CXCR2/ACKR1/CCR2",5
"GO:0002548","BP","GO:0002548","monocyte chemotaxis","4/191","54/18860",0.0740740740740741,7.31433003684312,4.69993041335711,0.00217128394647529,0.0468496266912553,0.0405950982381493,"CCR1/FPR2/S100A12/CCR2",4
"GO:0048821","BP","GO:0048821","erythrocyte development","4/191","54/18860",0.0740740740740741,7.31433003684312,4.69993041335711,0.00217128394647529,0.0468496266912553,0.0405950982381493,"TRIM58/BCL6/ALAS2/BPGM",4
"GO:1901071","BP","GO:1901071","glucosamine-containing compound metabolic process","3/191","26/18860",0.115384615384615,11.3934756343133,5.36403594239689,0.00223914551206085,0.0479450623002343,0.0415442907782122,"CHST6/CHST5/CHI3L1",3
"GO:0030667","CC","GO:0030667","secretory granule membrane","24/205","325/19944",0.0738461538461539,7.18433020637899,11.455274981431,4.44242177030627e-14,1.19056903444208e-11,1.06150499143108e-11,"LAMP2/CXCR1/FCGR2A/VNN1/GP2/MME/CXCR2/C5AR1/MGAM/MMP25/FCGR3B/FPR2/CD33/ADGRE3/ADGRG3/GLIPR1/CD36/CD58/LILRA3/FPR1/FCAR/MGST1/SIRPA/PLAUR",24
"GO:0070820","CC","GO:0070820","tertiary granule","16/205","164/19944",0.0975609756097561,9.49149315883403,11.1276240912766,1.39463043066035e-11,1.86880477708487e-09,1.66621635663105e-09,"LAMP2/CAMP/MGAM/CDA/TIMP2/FPR2/QPCT/CD33/ADGRE3/CD58/LILRA3/MMP9/LYZ/FPR1/FCAR/SIRPA",16
"GO:0005766","CC","GO:0005766","primary lysosome","15/205","155/19944",0.0967741935483871,9.41494885916601,10.7180309650864,6.94886236212012e-11,4.65573778262048e-09,4.15103093737176e-09,"LAMP2/VNN1/DEFA1/DEFA3/DEFA1B/CREG1/ANXA2/RNASE2/MNDA/GLIPR1/GCA/LYZ/FPR1/MGST1/SDCBP",15
"GO:0042582","CC","GO:0042582","azurophil granule","15/205","155/19944",0.0967741935483871,9.41494885916601,10.7180309650864,6.94886236212012e-11,4.65573778262048e-09,4.15103093737176e-09,"LAMP2/VNN1/DEFA1/DEFA3/DEFA1B/CREG1/ANXA2/RNASE2/MNDA/GLIPR1/GCA/LYZ/FPR1/MGST1/SDCBP",15
"GO:0101002","CC","GO:0101002","ficolin-1-rich granule","15/205","186/19944",0.0806451612903226,7.84579071597167,9.55912633376086,9.13326366235721e-10,4.89542932302347e-08,4.36473863443176e-08,"LAMP2/FGL2/MGAM/CDA/TIMP2/MNDA/FPR2/QPCT/ADGRE3/CD58/LILRA3/MMP9/FPR1/FCAR/SIRPA",15
"GO:0034774","CC","GO:0034774","secretory granule lumen","19/205","327/19944",0.0581039755351682,5.65280823450436,8.64534512984647,1.32110041318536e-09,5.9009151788946e-08,5.26122445251011e-08,"DEFA1/DEFA3/DEFA1B/CREG1/CAMP/ADM/F5/ANXA2/CDA/TIMP2/RNASE2/MNDA/QPCT/S100A12/GCA/LYZ/SRGN/SDCBP/CHI3L1",19
"GO:0060205","CC","GO:0060205","cytoplasmic vesicle lumen","19/205","332/19944",0.0572289156626506,5.56767558037026,8.55289128368734,1.69914674367559e-09,5.98266975012721e-08,5.3341163915117e-08,"DEFA1/DEFA3/DEFA1B/CREG1/CAMP/ADM/F5/ANXA2/CDA/TIMP2/RNASE2/MNDA/QPCT/S100A12/GCA/LYZ/SRGN/SDCBP/CHI3L1",19
"GO:0031983","CC","GO:0031983","vesicle lumen","19/205","333/19944",0.0570570570570571,5.55095583388266,8.53462550657622,1.78587156720215e-09,5.98266975012721e-08,5.3341163915117e-08,"DEFA1/DEFA3/DEFA1B/CREG1/CAMP/ADM/F5/ANXA2/CDA/TIMP2/RNASE2/MNDA/QPCT/S100A12/GCA/LYZ/SRGN/SDCBP/CHI3L1",19
"GO:0042581","CC","GO:0042581","specific granule","13/205","160/19944",0.08125,7.90463414634146,8.9362068494015,1.13897201183788e-08,3.14529557813839e-07,2.80432873620351e-07,"CAMP/MMP25/TIMP2/FPR2/QPCT/CD33/ADGRG3/CD36/LILRA3/LYZ/FCAR/PLAUR/CHI3L1",13
"GO:0101003","CC","GO:0101003","ficolin-1-rich granule membrane","9/205","61/19944",0.147540983606557,14.3539384246301,10.6449329985142,1.17361775303671e-08,3.14529557813839e-07,2.80432873620351e-07,"LAMP2/MGAM/FPR2/ADGRE3/CD58/LILRA3/FPR1/FCAR/SIRPA",9
"GO:0035578","CC","GO:0035578","azurophil granule lumen","10/205","91/19944",0.10989010989011,10.6909675690163,9.44244288788344,3.29399166589971e-08,8.02536151328294e-07,7.15536945606924e-07,"DEFA1/DEFA3/DEFA1B/CREG1/ANXA2/RNASE2/MNDA/GCA/LYZ/SDCBP",10
"GO:0009897","CC","GO:0009897","external side of plasma membrane","18/205","393/19944",0.0458015267175573,4.45592999441445,7.05157818428787,1.39902762307268e-07,3.12449502486231e-06,2.78578307401314e-06,"TLR8/CXCR1/FCGR2A/GP2/MR1/CCR1/CXCR2/CLEC4A/CD163/FCGR3B/CD33/CCR2/CD36/FCGR1A/FCGR1BP/CSF3R/PRNP/PLAUR",18
"GO:0005775","CC","GO:0005775","vacuolar lumen","12/205","179/19944",0.0670391061452514,6.52208747785802,7.56294583426174,3.48247941452313e-07,7.17926525455537e-06,6.40099455139069e-06,"LAMP2/DEFA1/DEFA3/DEFA1B/CREG1/ANXA2/RNASE2/MNDA/GCA/LYZ/SDCBP/IDS",12
"GO:0035579","CC","GO:0035579","specific granule membrane","8/205","91/19944",0.0879120879120879,8.55277405521308,7.35908330654707,4.44986294491475e-06,8.51830906597966e-05,7.59487886086953e-05,"MMP25/FPR2/CD33/ADGRG3/CD36/LILRA3/FCAR/PLAUR",8
"GO:1904724","CC","GO:1904724","tertiary granule lumen","6/205","55/19944",0.109090909090909,10.6132150776053,7.27533727503106,2.088991401941e-05,0.000373233130480126,0.000332772665432005,"CAMP/CDA/TIMP2/QPCT/MMP9/LYZ",6
"GO:0070821","CC","GO:0070821","tertiary granule membrane","6/205","73/19944",0.0821917808219178,7.99625793518209,6.10276971686191,0.000105227560132499,0.00176256163221935,0.00157149053618929,"MGAM/FPR2/CD33/LILRA3/FCAR/SIRPA",6
"GO:0035577","CC","GO:0035577","azurophil granule membrane","5/205","58/19944",0.0862068965517241,8.38687973086627,5.74130883574726,0.000321721032301135,0.00507183745039437,0.00452202317847416,"LAMP2/VNN1/GLIPR1/FPR1/MGST1",5
"GO:0035580","CC","GO:0035580","specific granule lumen","5/205","62/19944",0.0806451612903226,7.84579071597167,5.50172691382452,0.000439512332347613,0.00654385028162001,0.00583446195572562,"CAMP/TIMP2/QPCT/LYZ/CHI3L1",5
"GO:0005811","CC","GO:0005811","lipid droplet","6/205","107/19944",0.0560747663551402,5.45539092774105,4.70922358056309,0.00083721989841227,0.011809206988131,0.0105290258692291,"ABHD5/G0S2/ANXA2/HSD17B11/PNPLA3/UBE2G2",6
"GO:0030666","CC","GO:0030666","endocytic vesicle membrane","8/205","208/19944",0.0384615384615385,3.74183864915572,4.05091933117866,0.00143088912619384,0.0191739142909974,0.0170953595603159,"LAMP2/WLS/CD163/CD36/HLA-DRB4/FCGR1A/FCGR1BP/CSF3R",8
"GO:1904813","CC","GO:1904813","ficolin-1-rich granule lumen","6/205","125/19944",0.048,4.66981463414634,4.19438090407698,0.00186651189122274,0.0238202469927474,0.0212380049778227,"FGL2/CDA/TIMP2/MNDA/QPCT/MMP9",6
"GO:0140375","MF","GO:0140375","immune receptor activity","16/195","157/18662",0.101910828025478,9.75312755185367,11.3176204727613,8.85615444768041e-12,3.83471487584562e-09,3.57975085043082e-09,"CXCR1/FCGR2A/MR1/CCR1/CXCR2/C5AR1/FCGR3B/FPR2/CCR2/IL1R2/LILRA3/FPR1/FCGR1A/FCGR1BP/FCAR/CSF3R",16
"GO:0019763","MF","GO:0019763","immunoglobulin receptor activity","5/195","14/18662",0.357142857142857,34.1794871794872,12.7615710988555,2.19456475959559e-07,4.75123270452445e-05,4.43533088255109e-05,"FCGR2A/FCGR3B/FCGR1A/FCGR1BP/FCAR",5
"GO:0019957","MF","GO:0019957","C-C chemokine binding","5/195","24/18662",0.208333333333333,19.9380341880342,9.53954038519974,4.27958395564396e-06,0.000617686617597945,0.000576617627707818,"CXCR1/CCR1/CXCR2/ACKR1/CCR2",5
"GO:0019864","MF","GO:0019864","IgG binding","4/195","14/18662",0.285714285714286,27.3435897435897,10.1323324165101,1.06603489142371e-05,0.00115398276996617,0.00107725631133344,"FCGR2A/FCGR3B/FCGR1A/FCGR1BP",4
"GO:0019865","MF","GO:0019865","immunoglobulin binding","5/195","30/18662",0.166666666666667,15.9504273504273,8.42114381142655,1.3636227029546e-05,0.00118089726075869,0.00110238130091488,"FCGR2A/FCGR3B/FCGR1A/FCGR1BP/FCAR",5
"GO:0019956","MF","GO:0019956","chemokine binding","5/195","33/18662",0.151515151515152,14.5003885003885,7.97618195131624,2.21401153839621e-05,0.00159777832687593,0.0014915446153406,"CXCR1/CCR1/CXCR2/ACKR1/CCR2",5
"GO:0016493","MF","GO:0016493","C-C chemokine receptor activity","4/195","23/18662",0.173913043478261,16.6439241917503,7.71409359980924,8.7603520197019e-05,0.0054189034636156,0.00505860928656471,"CXCR1/CCR1/CXCR2/CCR2",4
"GO:0019955","MF","GO:0019955","cytokine binding","8/195","143/18662",0.0559440559440559,5.35398960014345,5.37072886123081,0.00013136750592757,0.00624905009584765,0.00583356080419472,"CXCR1/CCR1/CXCR2/ACKR1/CCR2/IL1R2/CD36/CSF3R",8
"GO:0001637","MF","GO:0001637","G protein-coupled chemoattractant receptor activity","4/195","26/18662",0.153846153846154,14.7234714003945,7.19549858648479,0.000144319863645442,0.00624905009584765,0.00583356080419472,"CXCR1/CCR1/CXCR2/CCR2",4
"GO:0004950","MF","GO:0004950","chemokine receptor activity","4/195","26/18662",0.153846153846154,14.7234714003945,7.19549858648479,0.000144319863645442,0.00624905009584765,0.00583356080419472,"CXCR1/CCR1/CXCR2/CCR2",4
"GO:0004875","MF","GO:0004875","complement receptor activity","3/195","12/18662",0.25,23.925641025641,8.1631782600393,0.000230562084638648,0.00831944855404454,0.00776630179835445,"C5AR1/FPR2/FPR1",3
"GO:0050786","MF","GO:0050786","RAGE receptor binding","3/195","12/18662",0.25,23.925641025641,8.1631782600393,0.000230562084638648,0.00831944855404454,0.00776630179835445,"FPR2/S100A12/FPR1",3
"GO:0004896","MF","GO:0004896","cytokine receptor activity","6/195","97/18662",0.0618556701030928,5.9197462331483,4.99192072392671,0.000541390807262665,0.018032478426518,0.0168335279343209,"CXCR1/CCR1/CXCR2/CCR2/IL1R2/CSF3R",6
